question_id,option_id,option_label,weighted_share,weighted_percent,weighted_n,unweighted_n,is_missing,source_url
2026-045_beliefs_technology_health_10,1,Strongly disagree,0.09810724827748422,9.81,98.10724827748422,108,false,https://reports.verasight.io/reports/spsp26#q-beliefs_technology_health-10
2026-045_beliefs_technology_health_10,2,Disagree,0.07270143041010675,7.27,72.70143041010674,74,false,https://reports.verasight.io/reports/spsp26#q-beliefs_technology_health-10
2026-045_beliefs_technology_health_10,3,Somewhat disagree,0.055960657028414774,5.6,55.960657028414765,60,false,https://reports.verasight.io/reports/spsp26#q-beliefs_technology_health-10
2026-045_beliefs_technology_health_10,4,Neither agree nor disagree,0.29492029744952647,29.49,294.92029744952646,280,false,https://reports.verasight.io/reports/spsp26#q-beliefs_technology_health-10
2026-045_beliefs_technology_health_10,5,Somewhat agree,0.1849003134832396,18.49,184.9003134832396,181,false,https://reports.verasight.io/reports/spsp26#q-beliefs_technology_health-10
2026-045_beliefs_technology_health_10,6,Agree,0.16143664262839344,16.14,161.43664262839343,165,false,https://reports.verasight.io/reports/spsp26#q-beliefs_technology_health-10
2026-045_beliefs_technology_health_10,7,Strongly agree,0.1319734107228348,13.2,131.97341072283479,132,false,https://reports.verasight.io/reports/spsp26#q-beliefs_technology_health-10
2026-045_beliefs_technology_health_11,1,Strongly disagree,0.09960991257319639,9.96,99.60991257319638,108,false,https://reports.verasight.io/reports/spsp26#q-beliefs_technology_health-11
2026-045_beliefs_technology_health_11,2,Disagree,0.07531754566025547,7.53,75.31754566025546,81,false,https://reports.verasight.io/reports/spsp26#q-beliefs_technology_health-11
2026-045_beliefs_technology_health_11,3,Somewhat disagree,0.05611582311985892,5.61,56.11582311985891,58,false,https://reports.verasight.io/reports/spsp26#q-beliefs_technology_health-11
2026-045_beliefs_technology_health_11,4,Neither agree nor disagree,0.2842160230970765,28.42,284.21602309707646,260,false,https://reports.verasight.io/reports/spsp26#q-beliefs_technology_health-11
2026-045_beliefs_technology_health_11,5,Somewhat agree,0.16093356301621342,16.09,160.9335630162134,165,false,https://reports.verasight.io/reports/spsp26#q-beliefs_technology_health-11
2026-045_beliefs_technology_health_11,6,Agree,0.173837465618588,17.38,173.837465618588,177,false,https://reports.verasight.io/reports/spsp26#q-beliefs_technology_health-11
2026-045_beliefs_technology_health_11,7,Strongly agree,0.14996966691481134,15.0,149.9696669148113,151,false,https://reports.verasight.io/reports/spsp26#q-beliefs_technology_health-11
2026-045_beliefs_technology_health_12,1,Definitely not true,0.20195122146446548,20.2,201.95122146446545,216,false,https://reports.verasight.io/reports/spsp26#q-beliefs_technology_health-12
2026-045_beliefs_technology_health_12,2,Tends not to be true,0.13210028733102885,13.21,132.10028733102885,137,false,https://reports.verasight.io/reports/spsp26#q-beliefs_technology_health-12
2026-045_beliefs_technology_health_12,3,Unsure,0.17435357643427363,17.44,174.3535764342736,159,false,https://reports.verasight.io/reports/spsp26#q-beliefs_technology_health-12
2026-045_beliefs_technology_health_12,4,Tends to be true,0.3108122910438219,31.08,310.81229104382186,311,false,https://reports.verasight.io/reports/spsp26#q-beliefs_technology_health-12
2026-045_beliefs_technology_health_12,5,Definitely true of me,0.1807826237264102,18.08,180.78262372641018,177,false,https://reports.verasight.io/reports/spsp26#q-beliefs_technology_health-12
2026-045_beliefs_technology_health_13,1,Absolutely don't believe,0.15819294953639945,15.82,158.19294953639942,180,false,https://reports.verasight.io/reports/spsp26#q-beliefs_technology_health-13
2026-045_beliefs_technology_health_13,2,Probably don't believe,0.06418346992254866,6.42,64.18346992254865,66,false,https://reports.verasight.io/reports/spsp26#q-beliefs_technology_health-13
2026-045_beliefs_technology_health_13,3,Slightly don't believe,0.033497572560410034,3.35,33.49757256041003,35,false,https://reports.verasight.io/reports/spsp26#q-beliefs_technology_health-13
2026-045_beliefs_technology_health_13,4,Neutral or unsure,0.1666629530443407,16.67,166.66295304434067,152,false,https://reports.verasight.io/reports/spsp26#q-beliefs_technology_health-13
2026-045_beliefs_technology_health_13,5,Moderately believe,0.16216883815299252,16.22,162.1688381529925,157,false,https://reports.verasight.io/reports/spsp26#q-beliefs_technology_health-13
2026-045_beliefs_technology_health_13,6,Very much believe,0.15940439173640714,15.94,159.40439173640712,163,false,https://reports.verasight.io/reports/spsp26#q-beliefs_technology_health-13
2026-045_beliefs_technology_health_13,7,Absolutely believe,0.2558898250469016,25.59,255.88982504690156,247,false,https://reports.verasight.io/reports/spsp26#q-beliefs_technology_health-13
2026-045_beliefs_technology_health_14,1,Strongly disagree,0.11498598503150487,11.5,114.98598503150485,129,false,https://reports.verasight.io/reports/spsp26#q-beliefs_technology_health-14
2026-045_beliefs_technology_health_14,2,Disagree,0.052929873777319954,5.29,52.92987377731995,59,false,https://reports.verasight.io/reports/spsp26#q-beliefs_technology_health-14
2026-045_beliefs_technology_health_14,3,Slightly disagree,0.03183657674680158,3.18,31.836576746801576,33,false,https://reports.verasight.io/reports/spsp26#q-beliefs_technology_health-14
2026-045_beliefs_technology_health_14,4,Neither disagree nor agree,0.16920196806273077,16.92,169.20196806273074,159,false,https://reports.verasight.io/reports/spsp26#q-beliefs_technology_health-14
2026-045_beliefs_technology_health_14,5,Slightly agree,0.13578630569797512,13.58,135.7863056979751,129,false,https://reports.verasight.io/reports/spsp26#q-beliefs_technology_health-14
2026-045_beliefs_technology_health_14,6,Agree,0.23854113220827391,23.85,238.5411322082739,238,false,https://reports.verasight.io/reports/spsp26#q-beliefs_technology_health-14
2026-045_beliefs_technology_health_14,7,Strongly agree,0.2567181584753939,25.67,256.71815847539386,253,false,https://reports.verasight.io/reports/spsp26#q-beliefs_technology_health-14
2026-045_beliefs_technology_health_15,1,1 - No difficulty,0.14857391440882767,14.86,148.57391440882765,142,false,https://reports.verasight.io/reports/spsp26#q-beliefs_technology_health-15
2026-045_beliefs_technology_health_15,3,2,0.11933954814309759,11.93,119.33954814309757,126,false,https://reports.verasight.io/reports/spsp26#q-beliefs_technology_health-15
2026-045_beliefs_technology_health_15,4,3,0.1649228976811082,16.49,164.9228976811082,159,false,https://reports.verasight.io/reports/spsp26#q-beliefs_technology_health-15
2026-045_beliefs_technology_health_15,5,4,0.19864307512152454,19.86,198.64307512152453,194,false,https://reports.verasight.io/reports/spsp26#q-beliefs_technology_health-15
2026-045_beliefs_technology_health_15,6,5,0.21251118091999294,21.25,212.5111809199929,220,false,https://reports.verasight.io/reports/spsp26#q-beliefs_technology_health-15
2026-045_beliefs_technology_health_15,7,7 - Extreme difficulty,0.06165057604764404,6.17,61.65057604764403,64,false,https://reports.verasight.io/reports/spsp26#q-beliefs_technology_health-15
2026-045_beliefs_technology_health_15,8,6,0.09435880767780513,9.44,94.35880767780512,95,false,https://reports.verasight.io/reports/spsp26#q-beliefs_technology_health-15
2026-045_beliefs_technology_health_16,1,They would be a much better than average therapist,0.13068263658932028,13.07,130.68263658932025,123,false,https://reports.verasight.io/reports/spsp26#q-beliefs_technology_health-16
2026-045_beliefs_technology_health_16,2,They would be a better than average therapist,0.3224540893522227,32.25,322.45408935222264,330,false,https://reports.verasight.io/reports/spsp26#q-beliefs_technology_health-16
2026-045_beliefs_technology_health_16,3,They would be an average therapist,0.3048907871220176,30.49,304.89078712201757,303,false,https://reports.verasight.io/reports/spsp26#q-beliefs_technology_health-16
2026-045_beliefs_technology_health_16,4,They would be a worse than average therapist,0.16458479023830788,16.46,164.58479023830787,168,false,https://reports.verasight.io/reports/spsp26#q-beliefs_technology_health-16
2026-045_beliefs_technology_health_16,5,They would be a much worse than average therapist,0.07738769669813168,7.74,77.38769669813168,76,false,https://reports.verasight.io/reports/spsp26#q-beliefs_technology_health-16
2026-045_beliefs_technology_health_17,1,Strongly disagree,0.040875914254462346,4.09,40.875914254462344,36,false,https://reports.verasight.io/reports/spsp26#q-beliefs_technology_health-17
2026-045_beliefs_technology_health_17,2,Slightly disagree,0.05806785479781038,5.81,58.06785479781038,54,false,https://reports.verasight.io/reports/spsp26#q-beliefs_technology_health-17
2026-045_beliefs_technology_health_17,3,Neither agree nor disagree,0.2082824500354775,20.83,208.28245003547747,196,false,https://reports.verasight.io/reports/spsp26#q-beliefs_technology_health-17
2026-045_beliefs_technology_health_17,4,Slightly agree,0.3678558194131499,36.79,367.85581941314985,377,false,https://reports.verasight.io/reports/spsp26#q-beliefs_technology_health-17
2026-045_beliefs_technology_health_17,5,Strongly agree,0.32491796149909996,32.49,324.91796149909993,337,false,https://reports.verasight.io/reports/spsp26#q-beliefs_technology_health-17
2026-045_beliefs_technology_health_18,1,It creates concerns about our relationship,0.3508428751353691,35.08,350.84287513536907,361,false,https://reports.verasight.io/reports/spsp26#q-beliefs_technology_health-18
2026-045_beliefs_technology_health_18,2,It damages our relationship,0.32120867415705406,32.12,321.208674157054,326,false,https://reports.verasight.io/reports/spsp26#q-beliefs_technology_health-18
2026-045_beliefs_technology_health_18,3,It improves our relationship,0.05061405604602087,5.06,50.61405604602086,40,false,https://reports.verasight.io/reports/spsp26#q-beliefs_technology_health-18
2026-045_beliefs_technology_health_18,4,It will not influence our relationship,0.12677409956710536,12.68,126.77409956710534,128,false,https://reports.verasight.io/reports/spsp26#q-beliefs_technology_health-18
2026-045_beliefs_technology_health_18,5,None of the above / I do not have a partner,0.15056029509445074,15.06,150.5602950944507,145,false,https://reports.verasight.io/reports/spsp26#q-beliefs_technology_health-18
2026-045_beliefs_technology_health_19,1,Strongly disagree,0.14165527085430157,14.17,141.65527085430156,137,false,https://reports.verasight.io/reports/spsp26#q-beliefs_technology_health-19
2026-045_beliefs_technology_health_19,2,Somewhat disagree,0.13015960253921535,13.02,130.15960253921534,132,false,https://reports.verasight.io/reports/spsp26#q-beliefs_technology_health-19
2026-045_beliefs_technology_health_19,3,Neither disagree nor agree,0.25615828771809523,25.62,256.1582877180952,251,false,https://reports.verasight.io/reports/spsp26#q-beliefs_technology_health-19
2026-045_beliefs_technology_health_19,4,Somewhat agree,0.367964822621097,36.8,367.9648226210969,377,false,https://reports.verasight.io/reports/spsp26#q-beliefs_technology_health-19
2026-045_beliefs_technology_health_19,5,Strongly agree,0.10406201626729097,10.41,104.06201626729096,103,false,https://reports.verasight.io/reports/spsp26#q-beliefs_technology_health-19
2026-045_beliefs_technology_health_1_a,1,Yes,0.6794518236188108,67.95,344.5428206995421,345,false,https://reports.verasight.io/reports/spsp26#q-beliefs_technology_health-1_a
2026-045_beliefs_technology_health_1_a,2,No,0.3205481763811892,32.05,162.5465839097229,159,false,https://reports.verasight.io/reports/spsp26#q-beliefs_technology_health-1_a
2026-045_beliefs_technology_health_1_b,1,Yes,0.5616645454671846,56.17,276.8504055160965,275,false,https://reports.verasight.io/reports/spsp26#q-beliefs_technology_health-1_b
2026-045_beliefs_technology_health_1_b,2,No,0.43833545453281536,43.83,216.06018987463847,221,false,https://reports.verasight.io/reports/spsp26#q-beliefs_technology_health-1_b
2026-045_beliefs_technology_health_2,1,Yes,0.7898904849309846,78.99,789.8904849309845,806,false,https://reports.verasight.io/reports/spsp26#q-beliefs_technology_health-2
2026-045_beliefs_technology_health_2,2,No,0.21010951506901548,21.01,210.10951506901546,194,false,https://reports.verasight.io/reports/spsp26#q-beliefs_technology_health-2
2026-045_beliefs_technology_health_20_a,1,1 - Not at all,0.14086925821012405,14.09,71.43330827352062,71,false,https://reports.verasight.io/reports/spsp26#q-beliefs_technology_health-20_a
2026-045_beliefs_technology_health_20_a,2,2,0.10281505961134275,10.28,52.13642736318189,51,false,https://reports.verasight.io/reports/spsp26#q-beliefs_technology_health-20_a
2026-045_beliefs_technology_health_20_a,3,3,0.14079084344388013,14.08,71.39354497639341,69,false,https://reports.verasight.io/reports/spsp26#q-beliefs_technology_health-20_a
2026-045_beliefs_technology_health_20_a,4,4,0.32741868257604184,32.74,166.03054480543497,166,false,https://reports.verasight.io/reports/spsp26#q-beliefs_technology_health-20_a
2026-045_beliefs_technology_health_20_a,5,5,0.1809589161215529,18.1,91.76234903481618,94,false,https://reports.verasight.io/reports/spsp26#q-beliefs_technology_health-20_a
2026-045_beliefs_technology_health_20_a,6,6,0.06198494397890467,6.2,31.431908337001417,29,false,https://reports.verasight.io/reports/spsp26#q-beliefs_technology_health-20_a
2026-045_beliefs_technology_health_20_a,7,7 - Very much,0.04516229605815374,4.52,22.901321818916536,24,false,https://reports.verasight.io/reports/spsp26#q-beliefs_technology_health-20_a
2026-045_beliefs_technology_health_20_b,1,1 - Not at all,0.15027339534015538,15.03,74.0713487685033,72,false,https://reports.verasight.io/reports/spsp26#q-beliefs_technology_health-20_b
2026-045_beliefs_technology_health_20_b,2,2,0.09611941218234067,9.61,47.378276687405005,49,false,https://reports.verasight.io/reports/spsp26#q-beliefs_technology_health-20_b
2026-045_beliefs_technology_health_20_b,3,3,0.14570096885743142,14.57,71.81755130852346,71,false,https://reports.verasight.io/reports/spsp26#q-beliefs_technology_health-20_b
2026-045_beliefs_technology_health_20_b,4,4,0.2676711415943624,26.77,131.9379417721949,142,false,https://reports.verasight.io/reports/spsp26#q-beliefs_technology_health-20_b
2026-045_beliefs_technology_health_20_b,5,5,0.20731022845350638,20.73,102.18540813760713,96,false,https://reports.verasight.io/reports/spsp26#q-beliefs_technology_health-20_b
2026-045_beliefs_technology_health_20_b,6,6,0.07067427409757354,7.07,34.83609852424298,38,false,https://reports.verasight.io/reports/spsp26#q-beliefs_technology_health-20_b
2026-045_beliefs_technology_health_20_b,7,7 - Very much,0.062250579474630086,6.23,30.683970192258183,28,false,https://reports.verasight.io/reports/spsp26#q-beliefs_technology_health-20_b
2026-045_beliefs_technology_health_21,1,"Yes, and I'm a frequent user",0.08389443022764081,8.39,83.89443022764081,87,false,https://reports.verasight.io/reports/spsp26#q-beliefs_technology_health-21
2026-045_beliefs_technology_health_21,2,"Yes, and I've used it several times",0.16952255776647213,16.95,169.52255776647212,174,false,https://reports.verasight.io/reports/spsp26#q-beliefs_technology_health-21
2026-045_beliefs_technology_health_21,3,"Yes, and I've used it once",0.0996097462256605,9.96,99.60974622566049,92,false,https://reports.verasight.io/reports/spsp26#q-beliefs_technology_health-21
2026-045_beliefs_technology_health_21,4,No,0.6469732657802266,64.7,646.9732657802266,647,false,https://reports.verasight.io/reports/spsp26#q-beliefs_technology_health-21
2026-045_beliefs_technology_health_22,1,Always,0.19927785733675274,19.93,199.2778573367527,201,false,https://reports.verasight.io/reports/spsp26#q-beliefs_technology_health-22
2026-045_beliefs_technology_health_22,2,Often,0.35662194515156903,35.66,356.621945151569,369,false,https://reports.verasight.io/reports/spsp26#q-beliefs_technology_health-22
2026-045_beliefs_technology_health_22,3,Sometimes,0.24653530532567228,24.65,246.53530532567225,241,false,https://reports.verasight.io/reports/spsp26#q-beliefs_technology_health-22
2026-045_beliefs_technology_health_22,4,Almost never,0.08049621952459954,8.05,80.49621952459952,75,false,https://reports.verasight.io/reports/spsp26#q-beliefs_technology_health-22
2026-045_beliefs_technology_health_22,5,Never,0.08536366754401654,8.54,85.36366754401654,80,false,https://reports.verasight.io/reports/spsp26#q-beliefs_technology_health-22
2026-045_beliefs_technology_health_22,6,I don't use social media,0.03170500511738998,3.17,31.70500511738998,34,false,https://reports.verasight.io/reports/spsp26#q-beliefs_technology_health-22
2026-045_beliefs_technology_health_23_a,1,Zero or less than one hour per day,0.14968369392585737,14.97,75.90301523257847,84,false,https://reports.verasight.io/reports/spsp26#q-beliefs_technology_health-23_a
2026-045_beliefs_technology_health_23_a,2,1-3 hours per day,0.5414882622279115,54.15,274.5829604960572,275,false,https://reports.verasight.io/reports/spsp26#q-beliefs_technology_health-23_a
2026-045_beliefs_technology_health_23_a,3,4-6 hours per day,0.2263583663969418,22.64,114.78392924455106,107,false,https://reports.verasight.io/reports/spsp26#q-beliefs_technology_health-23_a
2026-045_beliefs_technology_health_23_a,4,7-10 hours per day,0.04168063711210582,4.17,21.135809456912572,20,false,https://reports.verasight.io/reports/spsp26#q-beliefs_technology_health-23_a
2026-045_beliefs_technology_health_23_a,5,More than 10 hours per day,0.040789040337183634,4.08,20.68369017916574,18,false,https://reports.verasight.io/reports/spsp26#q-beliefs_technology_health-23_a
2026-045_beliefs_technology_health_23_b,1,Zero or less than one hour per day,0.16689280445498472,16.69,82.26323161033604,84,false,https://reports.verasight.io/reports/spsp26#q-beliefs_technology_health-23_b
2026-045_beliefs_technology_health_23_b,2,1-3 hours per day,0.4694664611631976,46.95,231.4049928879331,248,false,https://reports.verasight.io/reports/spsp26#q-beliefs_technology_health-23_b
2026-045_beliefs_technology_health_23_b,3,4-6 hours per day,0.2557586498589853,25.58,126.06614837832296,119,false,https://reports.verasight.io/reports/spsp26#q-beliefs_technology_health-23_b
2026-045_beliefs_technology_health_23_b,4,7-10 hours per day,0.06658267053688638,6.66,32.81930377704182,28,false,https://reports.verasight.io/reports/spsp26#q-beliefs_technology_health-23_b
2026-045_beliefs_technology_health_23_b,5,More than 10 hours per day,0.04129941398594585,4.13,20.35691873710102,17,false,https://reports.verasight.io/reports/spsp26#q-beliefs_technology_health-23_b
2026-045_beliefs_technology_health_24_a,1,Much worse,0.04629163465567571,4.63,23.473997455936214,24,false,https://reports.verasight.io/reports/spsp26#q-beliefs_technology_health-24_a
2026-045_beliefs_technology_health_24_a,2,Slightly worse,0.11651593554376068,11.65,59.083996382377094,58,false,https://reports.verasight.io/reports/spsp26#q-beliefs_technology_health-24_a
2026-045_beliefs_technology_health_24_a,3,No change,0.4749691580384298,47.5,240.85182755747127,242,false,https://reports.verasight.io/reports/spsp26#q-beliefs_technology_health-24_a
2026-045_beliefs_technology_health_24_a,4,Slightly better,0.06718188574243546,6.72,34.06722244165926,30,false,https://reports.verasight.io/reports/spsp26#q-beliefs_technology_health-24_a
2026-045_beliefs_technology_health_24_a,5,Much better,0.03573955506312769,3.57,18.123149697961463,15,false,https://reports.verasight.io/reports/spsp26#q-beliefs_technology_health-24_a
2026-045_beliefs_technology_health_24_a,6,I have never interacted with an AI chatbot,0.2593018309565707,25.93,131.48921107385974,135,false,https://reports.verasight.io/reports/spsp26#q-beliefs_technology_health-24_a
2026-045_beliefs_technology_health_24_b,1,Much worse,0.014809808239832183,1.48,7.2999113971182945,8,false,https://reports.verasight.io/reports/spsp26#q-beliefs_technology_health-24_b
2026-045_beliefs_technology_health_24_b,2,Slightly worse,0.03394675882724303,3.39,16.732717105122052,18,false,https://reports.verasight.io/reports/spsp26#q-beliefs_technology_health-24_b
2026-045_beliefs_technology_health_24_b,3,No change,0.44938460741849456,44.94,221.50643440208188,224,false,https://reports.verasight.io/reports/spsp26#q-beliefs_technology_health-24_b
2026-045_beliefs_technology_health_24_b,4,Slightly better,0.0744261196795114,7.44,36.685422963850066,36,false,https://reports.verasight.io/reports/spsp26#q-beliefs_technology_health-24_b
2026-045_beliefs_technology_health_24_b,5,Much better,0.027754203724080665,2.78,13.680341082232356,11,false,https://reports.verasight.io/reports/spsp26#q-beliefs_technology_health-24_b
2026-045_beliefs_technology_health_24_b,6,I have never interacted with an AI chatbot,0.399678502110838,39.97,197.00576844033029,199,false,https://reports.verasight.io/reports/spsp26#q-beliefs_technology_health-24_b
2026-045_beliefs_technology_health_25,1,Yes,0.27581081953712633,27.58,275.8108195371263,267,false,https://reports.verasight.io/reports/spsp26#q-beliefs_technology_health-25
2026-045_beliefs_technology_health_25,2,No,0.2418813803448729,24.19,241.88138034487287,240,false,https://reports.verasight.io/reports/spsp26#q-beliefs_technology_health-25
2026-045_beliefs_technology_health_25,3,Maybe,0.48230780011800084,48.23,482.3078001180008,493,false,https://reports.verasight.io/reports/spsp26#q-beliefs_technology_health-25
2026-045_beliefs_technology_health_26,1,1 - I strongly do not believe,0.0978172410700678,9.78,97.81724107006778,99,false,https://reports.verasight.io/reports/spsp26#q-beliefs_technology_health-26
2026-045_beliefs_technology_health_26,2,2,0.054050992510842125,5.41,54.05099251084212,61,false,https://reports.verasight.io/reports/spsp26#q-beliefs_technology_health-26
2026-045_beliefs_technology_health_26,3,3,0.07921413956164443,7.92,79.21413956164442,77,false,https://reports.verasight.io/reports/spsp26#q-beliefs_technology_health-26
2026-045_beliefs_technology_health_26,4,4,0.2101536900616726,21.02,210.15369006167256,202,false,https://reports.verasight.io/reports/spsp26#q-beliefs_technology_health-26
2026-045_beliefs_technology_health_26,5,5,0.18458424241310292,18.46,184.5842424131029,187,false,https://reports.verasight.io/reports/spsp26#q-beliefs_technology_health-26
2026-045_beliefs_technology_health_26,6,6,0.13139313177403708,13.14,131.39313177403707,131,false,https://reports.verasight.io/reports/spsp26#q-beliefs_technology_health-26
2026-045_beliefs_technology_health_26,7,7 - I strongly believe in the existence of extraterrestrial life,0.24278656260863316,24.28,242.78656260863312,243,false,https://reports.verasight.io/reports/spsp26#q-beliefs_technology_health-26
2026-045_beliefs_technology_health_27,1,1 - Never,0.4613671971947334,46.14,461.36719719473336,466,false,https://reports.verasight.io/reports/spsp26#q-beliefs_technology_health-27
2026-045_beliefs_technology_health_27,2,2,0.20571694477328392,20.57,205.7169447732839,215,false,https://reports.verasight.io/reports/spsp26#q-beliefs_technology_health-27
2026-045_beliefs_technology_health_27,3,3,0.2089062357496592,20.89,208.90623574965917,200,false,https://reports.verasight.io/reports/spsp26#q-beliefs_technology_health-27
2026-045_beliefs_technology_health_27,4,4,0.05699475583433953,5.7,56.99475583433952,59,false,https://reports.verasight.io/reports/spsp26#q-beliefs_technology_health-27
2026-045_beliefs_technology_health_27,5,5 - Daily,0.06701486644798405,6.7,67.01486644798403,60,false,https://reports.verasight.io/reports/spsp26#q-beliefs_technology_health-27
2026-045_beliefs_technology_health_28,1,Never,0.4826504280647197,48.27,482.6504280647196,498,false,https://reports.verasight.io/reports/spsp26#q-beliefs_technology_health-28
2026-045_beliefs_technology_health_28,2,Less than once a month,0.11337951040552025,11.34,113.37951040552024,116,false,https://reports.verasight.io/reports/spsp26#q-beliefs_technology_health-28
2026-045_beliefs_technology_health_28,3,1-3 times per month,0.05514108175561825,5.51,55.141081755618245,58,false,https://reports.verasight.io/reports/spsp26#q-beliefs_technology_health-28
2026-045_beliefs_technology_health_28,4,1-3 times per week,0.06973033219204071,6.97,69.7303321920407,67,false,https://reports.verasight.io/reports/spsp26#q-beliefs_technology_health-28
2026-045_beliefs_technology_health_28,5,4-6 times per week,0.06560735692367821,6.56,65.6073569236782,66,false,https://reports.verasight.io/reports/spsp26#q-beliefs_technology_health-28
2026-045_beliefs_technology_health_28,6,Daily,0.14836307611362096,14.84,148.36307611362093,133,false,https://reports.verasight.io/reports/spsp26#q-beliefs_technology_health-28
2026-045_beliefs_technology_health_28,7,More than once everyday,0.06512821454480205,6.51,65.12821454480205,62,false,https://reports.verasight.io/reports/spsp26#q-beliefs_technology_health-28
2026-045_beliefs_technology_health_29,1,Not likely at all,0.8757811780897048,87.58,875.7811780897047,887,false,https://reports.verasight.io/reports/spsp26#q-beliefs_technology_health-29
2026-045_beliefs_technology_health_29,2,Somewhat unlikely,0.047722958365006445,4.77,47.72295836500644,48,false,https://reports.verasight.io/reports/spsp26#q-beliefs_technology_health-29
2026-045_beliefs_technology_health_29,3,Likely,0.040705630105118816,4.07,40.705630105118814,34,false,https://reports.verasight.io/reports/spsp26#q-beliefs_technology_health-29
2026-045_beliefs_technology_health_29,4,Somewhat likely,0.015751166492186833,1.58,15.751166492186833,15,false,https://reports.verasight.io/reports/spsp26#q-beliefs_technology_health-29
2026-045_beliefs_technology_health_29,5,Very likely,0.020039066947983193,2.0,20.03906694798319,16,false,https://reports.verasight.io/reports/spsp26#q-beliefs_technology_health-29
2026-045_beliefs_technology_health_30_a,1,Not strict at all,0.16178479309520175,16.18,82.03935440547897,80,false,https://reports.verasight.io/reports/spsp26#q-beliefs_technology_health-30_a
2026-045_beliefs_technology_health_30_a,2,Slightly strict,0.13250194136416166,13.25,67.19033055592448,69,false,https://reports.verasight.io/reports/spsp26#q-beliefs_technology_health-30_a
2026-045_beliefs_technology_health_30_a,3,Moderately strict,0.2109164295747026,21.09,106.95348669534792,100,false,https://reports.verasight.io/reports/spsp26#q-beliefs_technology_health-30_a
2026-045_beliefs_technology_health_30_a,4,Very strict,0.07003686424944677,7.0,35.514951792951884,35,false,https://reports.verasight.io/reports/spsp26#q-beliefs_technology_health-30_a
2026-045_beliefs_technology_health_30_a,5,Extremely strict,0.059227742061351916,5.92,30.033760458242064,25,false,https://reports.verasight.io/reports/spsp26#q-beliefs_technology_health-30_a
2026-045_beliefs_technology_health_30_a,6,I don't use that app,0.3655322296551354,36.55,185.35752070131971,195,false,https://reports.verasight.io/reports/spsp26#q-beliefs_technology_health-30_a
2026-045_beliefs_technology_health_30_b,1,Not strict at all,0.14302610758050927,14.3,70.49908384392813,72,false,https://reports.verasight.io/reports/spsp26#q-beliefs_technology_health-30_b
2026-045_beliefs_technology_health_30_b,2,Slightly strict,0.2004771315798402,20.05,98.81730228924576,108,false,https://reports.verasight.io/reports/spsp26#q-beliefs_technology_health-30_b
2026-045_beliefs_technology_health_30_b,3,Moderately strict,0.28972507624669147,28.97,142.8085598323828,133,false,https://reports.verasight.io/reports/spsp26#q-beliefs_technology_health-30_b
2026-045_beliefs_technology_health_30_b,4,Very strict,0.07372864217913169,7.37,36.34162891386626,36,false,https://reports.verasight.io/reports/spsp26#q-beliefs_technology_health-30_b
2026-045_beliefs_technology_health_30_b,5,Extremely strict,0.037005509463020635,3.7,18.24040770215498,16,false,https://reports.verasight.io/reports/spsp26#q-beliefs_technology_health-30_b
2026-045_beliefs_technology_health_30_b,6,I don't use that app,0.2560375329508066,25.6,126.20361280915702,131,false,https://reports.verasight.io/reports/spsp26#q-beliefs_technology_health-30_b
2026-045_beliefs_technology_health_31,1,Atheism,0.07107733762491313,7.11,71.07733762491311,74,false,https://reports.verasight.io/reports/spsp26#q-beliefs_technology_health-31
2026-045_beliefs_technology_health_31,2,Buddhism,0.03007122433533846,3.01,30.071224335338457,34,false,https://reports.verasight.io/reports/spsp26#q-beliefs_technology_health-31
2026-045_beliefs_technology_health_31,3,Christianity,0.5901010662719711,59.01,590.101066271971,588,false,https://reports.verasight.io/reports/spsp26#q-beliefs_technology_health-31
2026-045_beliefs_technology_health_31,4,Judaism,0.051801232405834265,5.18,51.801232405834256,57,false,https://reports.verasight.io/reports/spsp26#q-beliefs_technology_health-31
2026-045_beliefs_technology_health_31,5,Hinduism,0.01098087753308739,1.1,10.980877533087389,12,false,https://reports.verasight.io/reports/spsp26#q-beliefs_technology_health-31
2026-045_beliefs_technology_health_31,6,Islam,0.018853314565777726,1.89,18.853314565777723,18,false,https://reports.verasight.io/reports/spsp26#q-beliefs_technology_health-31
2026-045_beliefs_technology_health_31,7,Other,0.09136054986367458,9.14,91.36054986367456,98,false,https://reports.verasight.io/reports/spsp26#q-beliefs_technology_health-31
2026-045_beliefs_technology_health_31,8,None,0.1921835754053821,19.22,192.1835754053821,188,false,https://reports.verasight.io/reports/spsp26#q-beliefs_technology_health-31
2026-045_beliefs_technology_health_32,1,1 - Strongly disagree,0.11572341569109354,11.57,115.72341569109352,115,false,https://reports.verasight.io/reports/spsp26#q-beliefs_technology_health-32
2026-045_beliefs_technology_health_32,2,2,0.17034436676318626,17.03,170.34436676318623,180,false,https://reports.verasight.io/reports/spsp26#q-beliefs_technology_health-32
2026-045_beliefs_technology_health_32,3,3,0.37520898380529616,37.52,375.2089838052961,378,false,https://reports.verasight.io/reports/spsp26#q-beliefs_technology_health-32
2026-045_beliefs_technology_health_32,4,4,0.19959527199184146,19.96,199.59527199184143,199,false,https://reports.verasight.io/reports/spsp26#q-beliefs_technology_health-32
2026-045_beliefs_technology_health_32,5,5 - Strongly agree,0.13912796174858272,13.91,139.1279617485827,128,false,https://reports.verasight.io/reports/spsp26#q-beliefs_technology_health-32
2026-045_beliefs_technology_health_33,1,1 - Strongly disagree,0.16967031406217564,16.97,169.67031406217563,168,false,https://reports.verasight.io/reports/spsp26#q-beliefs_technology_health-33
2026-045_beliefs_technology_health_33,2,2,0.24848247724562075,24.85,248.48247724562071,256,false,https://reports.verasight.io/reports/spsp26#q-beliefs_technology_health-33
2026-045_beliefs_technology_health_33,3,3,0.30689792130306237,30.69,306.89792130306233,304,false,https://reports.verasight.io/reports/spsp26#q-beliefs_technology_health-33
2026-045_beliefs_technology_health_33,4,4,0.15947922426119904,15.95,159.47922426119902,161,false,https://reports.verasight.io/reports/spsp26#q-beliefs_technology_health-33
2026-045_beliefs_technology_health_33,5,5 - Strongly agree,0.11547006312794227,11.55,115.47006312794225,111,false,https://reports.verasight.io/reports/spsp26#q-beliefs_technology_health-33
2026-045_beliefs_technology_health_34,1,Strongly disagree,0.22948820298805844,22.95,229.48820298805842,234,false,https://reports.verasight.io/reports/spsp26#q-beliefs_technology_health-34
2026-045_beliefs_technology_health_34,2,Slightly disagree,0.2829819230076044,28.3,282.98192300760434,290,false,https://reports.verasight.io/reports/spsp26#q-beliefs_technology_health-34
2026-045_beliefs_technology_health_34,3,Neither agree nor disagree,0.27480635587399216,27.48,274.8063558739921,265,false,https://reports.verasight.io/reports/spsp26#q-beliefs_technology_health-34
2026-045_beliefs_technology_health_34,4,Slightly agree,0.16207706497563035,16.21,162.07706497563032,161,false,https://reports.verasight.io/reports/spsp26#q-beliefs_technology_health-34
2026-045_beliefs_technology_health_34,5,Strongly agree,0.05064645315471478,5.06,50.64645315471477,50,false,https://reports.verasight.io/reports/spsp26#q-beliefs_technology_health-34
2026-045_beliefs_technology_health_35,1,Extremely negative,0.1536103441524607,15.36,153.61034415246067,151,false,https://reports.verasight.io/reports/spsp26#q-beliefs_technology_health-35
2026-045_beliefs_technology_health_35,2,Somewhat negative,0.20047787518450083,20.05,200.47787518450082,208,false,https://reports.verasight.io/reports/spsp26#q-beliefs_technology_health-35
2026-045_beliefs_technology_health_35,3,Neither negative nor positive,0.5448778938302955,54.49,544.8778938302954,543,false,https://reports.verasight.io/reports/spsp26#q-beliefs_technology_health-35
2026-045_beliefs_technology_health_35,4,Somewhat positive,0.06295697684620982,6.3,62.95697684620982,65,false,https://reports.verasight.io/reports/spsp26#q-beliefs_technology_health-35
2026-045_beliefs_technology_health_35,5,Extremely positive,0.0380769099865333,3.81,38.076909986533295,33,false,https://reports.verasight.io/reports/spsp26#q-beliefs_technology_health-35
2026-045_beliefs_technology_health_36,1,I do not use cannabis,0.63601726864648,63.6,636.0172686464799,639,false,https://reports.verasight.io/reports/spsp26#q-beliefs_technology_health-36
2026-045_beliefs_technology_health_36,2,Less than once a year,0.054248608525728624,5.42,54.24860852572862,54,false,https://reports.verasight.io/reports/spsp26#q-beliefs_technology_health-36
2026-045_beliefs_technology_health_36,3,A few times a year,0.07641245726457027,7.64,76.41245726457026,76,false,https://reports.verasight.io/reports/spsp26#q-beliefs_technology_health-36
2026-045_beliefs_technology_health_36,4,Monthly (1-3 times a month),0.05612993514709094,5.61,56.12993514709093,56,false,https://reports.verasight.io/reports/spsp26#q-beliefs_technology_health-36
2026-045_beliefs_technology_health_36,5,Weekly (1-5 days a week),0.06735369823468966,6.74,67.35369823468966,66,false,https://reports.verasight.io/reports/spsp26#q-beliefs_technology_health-36
2026-045_beliefs_technology_health_36,6,Near daily or more,0.09745139927360624,9.75,97.45139927360623,97,false,https://reports.verasight.io/reports/spsp26#q-beliefs_technology_health-36
2026-045_beliefs_technology_health_36,7,Prefer not to answer,0.01238663290783436,1.24,12.386632907834358,12,false,https://reports.verasight.io/reports/spsp26#q-beliefs_technology_health-36
2026-045_beliefs_technology_health_37,1,We cease to exist,0.23964905736210027,23.96,239.64905736210025,248,false,https://reports.verasight.io/reports/spsp26#q-beliefs_technology_health-37
2026-045_beliefs_technology_health_37,2,Our souls all go to the same place,0.11021015616738863,11.02,110.21015616738862,110,false,https://reports.verasight.io/reports/spsp26#q-beliefs_technology_health-37
2026-045_beliefs_technology_health_37,3,We go to designated after lives (heaven or hell),0.43654536150755197,43.65,436.5453615075519,427,false,https://reports.verasight.io/reports/spsp26#q-beliefs_technology_health-37
2026-045_beliefs_technology_health_37,4,We are reincarnated,0.10572593145128417,10.57,105.72593145128415,103,false,https://reports.verasight.io/reports/spsp26#q-beliefs_technology_health-37
2026-045_beliefs_technology_health_37,5,Other,0.10786949351167506,10.79,107.86949351167505,112,false,https://reports.verasight.io/reports/spsp26#q-beliefs_technology_health-37
2026-045_beliefs_technology_health_38_a,1,Much more the creator's sincere belief,0.09590360746136889,9.59,48.63170320746622,45,false,https://reports.verasight.io/reports/spsp26#q-beliefs_technology_health-38_a
2026-045_beliefs_technology_health_38_a,2,Somewhat more the creator's sincere belief,0.06527196878427421,6.53,33.098723788492144,31,false,https://reports.verasight.io/reports/spsp26#q-beliefs_technology_health-38_a
2026-045_beliefs_technology_health_38_a,3,Slightly more the creator's sincere belief,0.1378325685296283,13.78,69.89343511145493,60,false,https://reports.verasight.io/reports/spsp26#q-beliefs_technology_health-38_a
2026-045_beliefs_technology_health_38_a,4,Slightly more the factual accuracy,0.11248356726177727,11.25,57.03922515110085,55,false,https://reports.verasight.io/reports/spsp26#q-beliefs_technology_health-38_a
2026-045_beliefs_technology_health_38_a,5,Somewhat more the factual accuracy,0.12342442984759373,12.34,62.5872206456543,62,false,https://reports.verasight.io/reports/spsp26#q-beliefs_technology_health-38_a
2026-045_beliefs_technology_health_38_a,6,Much more the factual accuracy,0.46508385811535763,46.51,235.83909670509658,251,false,https://reports.verasight.io/reports/spsp26#q-beliefs_technology_health-38_a
2026-045_beliefs_technology_health_38_b,1,Much more the creator's sincere belief,0.09964303907446924,9.96,49.11510971673891,44,false,https://reports.verasight.io/reports/spsp26#q-beliefs_technology_health-38_b
2026-045_beliefs_technology_health_38_b,2,Somewhat more the creator's sincere belief,0.0432634096579823,4.33,21.32499301314933,21,false,https://reports.verasight.io/reports/spsp26#q-beliefs_technology_health-38_b
2026-045_beliefs_technology_health_38_b,3,Slightly more the creator's sincere belief,0.10943070256727824,10.94,53.939552756463556,55,false,https://reports.verasight.io/reports/spsp26#q-beliefs_technology_health-38_b
2026-045_beliefs_technology_health_38_b,4,Slightly more the factual accuracy,0.13922221948358765,13.92,68.62410709727477,61,false,https://reports.verasight.io/reports/spsp26#q-beliefs_technology_health-38_b
2026-045_beliefs_technology_health_38_b,5,Somewhat more the factual accuracy,0.11608297195140607,11.61,57.21852681929356,58,false,https://reports.verasight.io/reports/spsp26#q-beliefs_technology_health-38_b
2026-045_beliefs_technology_health_38_b,6,Much more the factual accuracy,0.49235765726527636,49.24,242.68830598781483,257,false,https://reports.verasight.io/reports/spsp26#q-beliefs_technology_health-38_b
2026-045_beliefs_technology_health_3_a,1,Yes,0.8339663835362702,83.4,422.89551689154916,421,false,https://reports.verasight.io/reports/spsp26#q-beliefs_technology_health-3_a
2026-045_beliefs_technology_health_3_a,2,No,0.16603361646373,16.6,84.1938877177159,83,false,https://reports.verasight.io/reports/spsp26#q-beliefs_technology_health-3_a
2026-045_beliefs_technology_health_3_b,1,Yes,0.8551457661930594,85.51,421.51040876008716,427,false,https://reports.verasight.io/reports/spsp26#q-beliefs_technology_health-3_b
2026-045_beliefs_technology_health_3_b,2,No,0.14485423380694049,14.49,71.40018663064777,69,false,https://reports.verasight.io/reports/spsp26#q-beliefs_technology_health-3_b
2026-045_beliefs_technology_health_4,1,Not at all,0.21563502163339165,21.56,215.63502163339163,209,false,https://reports.verasight.io/reports/spsp26#q-beliefs_technology_health-4
2026-045_beliefs_technology_health_4,2,Somewhat,0.465292543410992,46.53,465.292543410992,466,false,https://reports.verasight.io/reports/spsp26#q-beliefs_technology_health-4
2026-045_beliefs_technology_health_4,3,Moderately,0.23609846894470463,23.61,236.0984689447046,241,false,https://reports.verasight.io/reports/spsp26#q-beliefs_technology_health-4
2026-045_beliefs_technology_health_4,4,Severely,0.0829739660109118,8.3,82.97396601091178,84,false,https://reports.verasight.io/reports/spsp26#q-beliefs_technology_health-4
2026-045_beliefs_technology_health_5,1,"Online videos on social media (for example, TikTok/ Instagram)",0.15515327056230155,15.52,155.15327056230154,140,false,https://reports.verasight.io/reports/spsp26#q-beliefs_technology_health-5
2026-045_beliefs_technology_health_5,2,Talking to friends and family,0.39653519238152757,39.65,396.5351923815275,397,false,https://reports.verasight.io/reports/spsp26#q-beliefs_technology_health-5
2026-045_beliefs_technology_health_5,3,Talking to my doctor or other medical professionals,0.629534281835518,62.95,629.5342818355178,647,false,https://reports.verasight.io/reports/spsp26#q-beliefs_technology_health-5
2026-045_beliefs_technology_health_5,4,"Online informational websites (for example, WebMD)",0.6525180841283105,65.25,652.5180841283104,678,false,https://reports.verasight.io/reports/spsp26#q-beliefs_technology_health-5
2026-045_beliefs_technology_health_5,5,"Text based social media (for example, Facebook)",0.11423480581365057,11.42,114.23480581365055,102,false,https://reports.verasight.io/reports/spsp26#q-beliefs_technology_health-5
2026-045_beliefs_technology_health_5,6,I have never looked for information about its benefits,0.08099752920809761,8.1,80.9975292080976,77,false,https://reports.verasight.io/reports/spsp26#q-beliefs_technology_health-5
2026-045_beliefs_technology_health_6,1,Feel more positive about my medication,0.5651567320801585,56.52,565.1567320801585,559,false,https://reports.verasight.io/reports/spsp26#q-beliefs_technology_health-6
2026-045_beliefs_technology_health_6,2,Reduce my anxiety about my medication,0.4327239059918379,43.27,432.72390599183785,443,false,https://reports.verasight.io/reports/spsp26#q-beliefs_technology_health-6
2026-045_beliefs_technology_health_6,3,Change the way I think about a medication,0.17778808532267007,17.78,177.78808532267004,164,false,https://reports.verasight.io/reports/spsp26#q-beliefs_technology_health-6
2026-045_beliefs_technology_health_6,4,Feel connected to others with my health issue,0.15649517597600962,15.65,156.4951759760096,150,false,https://reports.verasight.io/reports/spsp26#q-beliefs_technology_health-6
2026-045_beliefs_technology_health_6,5,Something else,0.14963649218520692,14.96,149.6364921852069,160,false,https://reports.verasight.io/reports/spsp26#q-beliefs_technology_health-6
2026-045_beliefs_technology_health_6,6,I do not take medication,0.11000663124538568,11.0,110.00663124538566,109,false,https://reports.verasight.io/reports/spsp26#q-beliefs_technology_health-6
2026-045_beliefs_technology_health_7,1,Online videos on social media (for example TikTok/Instagram),0.1235876538639759,12.36,123.58765386397589,110,false,https://reports.verasight.io/reports/spsp26#q-beliefs_technology_health-7
2026-045_beliefs_technology_health_7,2,Talking to friends and family,0.26862545764971446,26.86,268.6254576497144,262,false,https://reports.verasight.io/reports/spsp26#q-beliefs_technology_health-7
2026-045_beliefs_technology_health_7,3,Talking to my doctor or other medical professionals,0.6762113155471086,67.62,676.2113155471085,693,false,https://reports.verasight.io/reports/spsp26#q-beliefs_technology_health-7
2026-045_beliefs_technology_health_7,4,Online informational websites (for example WebMD),0.5920102139289496,59.2,592.0102139289495,616,false,https://reports.verasight.io/reports/spsp26#q-beliefs_technology_health-7
2026-045_beliefs_technology_health_7,5,Text based social media (for example Facebook),0.08119400487534885,8.12,81.19400487534884,71,false,https://reports.verasight.io/reports/spsp26#q-beliefs_technology_health-7
2026-045_beliefs_technology_health_7,6,In the information provided by the pharmacy,0.6210516504232867,62.11,621.0516504232867,643,false,https://reports.verasight.io/reports/spsp26#q-beliefs_technology_health-7
2026-045_beliefs_technology_health_7,7,I've never taken a medication / looked up information about its side effects,0.04749859012078501,4.75,47.498590120785,42,false,https://reports.verasight.io/reports/spsp26#q-beliefs_technology_health-7
2026-045_beliefs_technology_health_8,1,Strongly disagree,0.13565696008348826,13.57,135.65696008348826,141,false,https://reports.verasight.io/reports/spsp26#q-beliefs_technology_health-8
2026-045_beliefs_technology_health_8,2,Disagree,0.0893146555826083,8.93,89.3146555826083,93,false,https://reports.verasight.io/reports/spsp26#q-beliefs_technology_health-8
2026-045_beliefs_technology_health_8,3,Somewhat disagree,0.04359993324592554,4.36,43.599933245925534,48,false,https://reports.verasight.io/reports/spsp26#q-beliefs_technology_health-8
2026-045_beliefs_technology_health_8,4,Neither agree nor disagree,0.42877922848066435,42.88,428.7792284806643,418,false,https://reports.verasight.io/reports/spsp26#q-beliefs_technology_health-8
2026-045_beliefs_technology_health_8,5,Somewhat agree,0.13262636588893617,13.26,132.62636588893616,132,false,https://reports.verasight.io/reports/spsp26#q-beliefs_technology_health-8
2026-045_beliefs_technology_health_8,6,Agree,0.08388608412468065,8.39,83.88608412468065,83,false,https://reports.verasight.io/reports/spsp26#q-beliefs_technology_health-8
2026-045_beliefs_technology_health_8,7,Strongly agree,0.08613677259369679,8.61,86.13677259369678,85,false,https://reports.verasight.io/reports/spsp26#q-beliefs_technology_health-8
2026-045_beliefs_technology_health_9,1,Strongly disagree,0.13255341995105036,13.26,132.55341995105033,143,false,https://reports.verasight.io/reports/spsp26#q-beliefs_technology_health-9
2026-045_beliefs_technology_health_9,2,Disagree,0.08807721228212691,8.81,88.0772122821269,89,false,https://reports.verasight.io/reports/spsp26#q-beliefs_technology_health-9
2026-045_beliefs_technology_health_9,3,Somewhat disagree,0.06573749102630425,6.57,65.73749102630424,62,false,https://reports.verasight.io/reports/spsp26#q-beliefs_technology_health-9
2026-045_beliefs_technology_health_9,4,Neither agree nor disagree,0.30811049824552883,30.81,308.1104982455288,301,false,https://reports.verasight.io/reports/spsp26#q-beliefs_technology_health-9
2026-045_beliefs_technology_health_9,5,Somewhat agree,0.17425480117734,17.43,174.25480117733997,176,false,https://reports.verasight.io/reports/spsp26#q-beliefs_technology_health-9
2026-045_beliefs_technology_health_9,6,Agree,0.12326827178367064,12.33,123.26827178367063,122,false,https://reports.verasight.io/reports/spsp26#q-beliefs_technology_health-9
2026-045_beliefs_technology_health_9,7,Strongly agree,0.10799830553397916,10.8,107.99830553397915,107,false,https://reports.verasight.io/reports/spsp26#q-beliefs_technology_health-9
2026-045_daily_life_10,1,Strongly disagree,0.23474121953951396,23.47,234.7412195395119,239,false,https://reports.verasight.io/reports/spsp26#q-daily_life-10
2026-045_daily_life_10,2,Somewhat disagree,0.13231404325486776,13.23,132.3140432548666,146,false,https://reports.verasight.io/reports/spsp26#q-daily_life-10
2026-045_daily_life_10,3,Slightly disagree,0.1278224589042563,12.78,127.82245890425517,129,false,https://reports.verasight.io/reports/spsp26#q-daily_life-10
2026-045_daily_life_10,4,Neutral,0.2764301015193201,27.64,276.4301015193177,267,false,https://reports.verasight.io/reports/spsp26#q-daily_life-10
2026-045_daily_life_10,5,Slightly agree,0.0851340323127676,8.51,85.13403231276685,79,false,https://reports.verasight.io/reports/spsp26#q-daily_life-10
2026-045_daily_life_10,6,Somewhat agree,0.07137303709123852,7.14,71.37303709123789,72,false,https://reports.verasight.io/reports/spsp26#q-daily_life-10
2026-045_daily_life_10,7,Strongly agree,0.07218510737803574,7.22,72.1851073780351,68,false,https://reports.verasight.io/reports/spsp26#q-daily_life-10
2026-045_daily_life_11,1,Strongly disagree,0.13572780373304463,13.57,135.72780373304343,138,false,https://reports.verasight.io/reports/spsp26#q-daily_life-11
2026-045_daily_life_11,2,Somewhat disagree,0.09756243140871104,9.76,97.56243140871018,97,false,https://reports.verasight.io/reports/spsp26#q-daily_life-11
2026-045_daily_life_11,3,Slightly disagree,0.07169392626044731,7.17,71.69392626044667,83,false,https://reports.verasight.io/reports/spsp26#q-daily_life-11
2026-045_daily_life_11,4,Netural,0.2336375795853491,23.36,233.63757958534703,220,false,https://reports.verasight.io/reports/spsp26#q-daily_life-11
2026-045_daily_life_11,5,Slightly agree,0.15780279202369188,15.78,157.80279202369047,162,false,https://reports.verasight.io/reports/spsp26#q-daily_life-11
2026-045_daily_life_11,6,Somewhat agree,0.17031319980310194,17.03,170.31319980310045,172,false,https://reports.verasight.io/reports/spsp26#q-daily_life-11
2026-045_daily_life_11,7,Strongly agree,0.13326226718565412,13.33,133.26226718565295,128,false,https://reports.verasight.io/reports/spsp26#q-daily_life-11
2026-045_daily_life_12,1,"Economic factors (income, education, assets, parental occupation, parental income, etc.)",0.6990152007955286,69.9,699.0152007955224,714,false,https://reports.verasight.io/reports/spsp26#q-daily_life-12
2026-045_daily_life_12,2,"Social factors (family reputation, social circles, quantity and quality of social ties, etc.)",0.5789326765580693,57.89,578.9326765580643,590,false,https://reports.verasight.io/reports/spsp26#q-daily_life-12
2026-045_daily_life_12,3,"Cultural factors (religious affiliation, geographic location, cultural knowledge, etc.)",0.41282091871724647,41.28,412.8209187172428,418,false,https://reports.verasight.io/reports/spsp26#q-daily_life-12
2026-045_daily_life_12,4,"Individual characteristics (age, gender, race, ethnicity, family role such as firstborn, etc.)",0.44056391900442143,44.06,440.5639190044175,440,false,https://reports.verasight.io/reports/spsp26#q-daily_life-12
2026-045_daily_life_12,5,"Physical or health factors (physique, strength, attractiveness, mental and physical health, etc.)",0.44760335113990973,44.76,447.6033511399058,438,false,https://reports.verasight.io/reports/spsp26#q-daily_life-12
2026-045_daily_life_12,6,Other,0.03511493395105263,3.51,35.11493395105232,38,false,https://reports.verasight.io/reports/spsp26#q-daily_life-12
2026-045_daily_life_12,7,None of the above,0.10920722325831356,10.92,109.2072232583126,107,false,https://reports.verasight.io/reports/spsp26#q-daily_life-12
2026-045_daily_life_13,1,"Focus, put in more cognitive effort on the task",0.6822281910481951,68.22,682.228191048189,688,false,https://reports.verasight.io/reports/spsp26#q-daily_life-13
2026-045_daily_life_13,2,Give up before you start on the task and not devote cognitive resources,0.07445633377815353,7.45,74.45633377815287,70,false,https://reports.verasight.io/reports/spsp26#q-daily_life-13
2026-045_daily_life_13,3,Does not impact your approach to the task,0.24331547517365146,24.33,243.3154751736493,242,false,https://reports.verasight.io/reports/spsp26#q-daily_life-13
2026-045_daily_life_14,1,Strongly disagree,0.11998449135144539,12.0,119.98449135144432,116,false,https://reports.verasight.io/reports/spsp26#q-daily_life-14
2026-045_daily_life_14,2,Disagree,0.04742221355060057,4.74,47.42221355060015,44,false,https://reports.verasight.io/reports/spsp26#q-daily_life-14
2026-045_daily_life_14,3,Somewhat disagree,0.03140720588347311,3.14,31.407205883472827,32,false,https://reports.verasight.io/reports/spsp26#q-daily_life-14
2026-045_daily_life_14,4,Neither disagree nor agree,0.1647301678372638,16.47,164.73016783726234,149,false,https://reports.verasight.io/reports/spsp26#q-daily_life-14
2026-045_daily_life_14,5,Somewhat agree,0.13557773125393138,13.56,135.57773125393018,132,false,https://reports.verasight.io/reports/spsp26#q-daily_life-14
2026-045_daily_life_14,6,Agree,0.13793515568905582,13.79,137.9351556890546,142,false,https://reports.verasight.io/reports/spsp26#q-daily_life-14
2026-045_daily_life_14,7,Strongly agree,0.36294303443423,36.29,362.9430344342268,385,false,https://reports.verasight.io/reports/spsp26#q-daily_life-14
2026-045_daily_life_15,1,Strongly disagree,0.21219159463497053,21.22,212.19159463496865,224,false,https://reports.verasight.io/reports/spsp26#q-daily_life-15
2026-045_daily_life_15,2,Disagree,0.26986512918301786,26.99,269.8651291830155,296,false,https://reports.verasight.io/reports/spsp26#q-daily_life-15
2026-045_daily_life_15,3,Neither agree nor disagree,0.2078136393994285,20.78,207.81363939942668,190,false,https://reports.verasight.io/reports/spsp26#q-daily_life-15
2026-045_daily_life_15,4,Agree,0.2176435365189349,21.76,217.64353651893296,206,false,https://reports.verasight.io/reports/spsp26#q-daily_life-15
2026-045_daily_life_15,5,Strongly agree,0.09248610026364824,9.25,92.48610026364743,84,false,https://reports.verasight.io/reports/spsp26#q-daily_life-15
2026-045_daily_life_16,1,I have heard of postpartum physical therapy but do not know what it is,0.2441775687333488,24.42,244.17756873334665,236,false,https://reports.verasight.io/reports/spsp26#q-daily_life-16
2026-045_daily_life_16,2,I have heard of and know what postpartum physical therapy is,0.259707300192126,25.97,259.7073001921237,255,false,https://reports.verasight.io/reports/spsp26#q-daily_life-16
2026-045_daily_life_16,3,I have never heard of postpartum physical therapy,0.49611513107452526,49.61,496.1151310745209,509,false,https://reports.verasight.io/reports/spsp26#q-daily_life-16
2026-045_daily_life_17,1,Yes,0.9562508857908211,95.63,956.2508857908126,956,false,https://reports.verasight.io/reports/spsp26#q-daily_life-17
2026-045_daily_life_17,2,No,0.04374911420917891,4.37,43.74911420917852,44,false,https://reports.verasight.io/reports/spsp26#q-daily_life-17
2026-045_daily_life_18,1,"A large, global corporation",0.1798981857534635,17.99,179.89818575346192,177,false,https://reports.verasight.io/reports/spsp26#q-daily_life-18
2026-045_daily_life_18,2,"A large, global conspiracy",0.22806908486410823,22.81,228.0690848641062,225,false,https://reports.verasight.io/reports/spsp26#q-daily_life-18
2026-045_daily_life_18,3,Both of these choices above equally fit this description,0.4918109275227438,49.18,491.81092752273946,504,false,https://reports.verasight.io/reports/spsp26#q-daily_life-18
2026-045_daily_life_18,4,Neither choice fits this description,0.1002218018596845,10.02,100.22180185968361,94,false,https://reports.verasight.io/reports/spsp26#q-daily_life-18
2026-045_daily_life_19,1,"Yes, I use a nickname at work.",0.1372392793308413,13.72,137.23927933084008,125,false,https://reports.verasight.io/reports/spsp26#q-daily_life-19
2026-045_daily_life_19,2,"No, I don't use a nickname at work.",0.5314034750567577,53.14,531.403475056753,560,false,https://reports.verasight.io/reports/spsp26#q-daily_life-19
2026-045_daily_life_19,3,"Yes, I use a nickname at work and it's specifically to make it easier for others to pronounce my name.",0.05475041729594643,5.48,54.750417295945944,50,false,https://reports.verasight.io/reports/spsp26#q-daily_life-19
2026-045_daily_life_19,4,I don't work,0.2766068283164546,27.66,276.60682831645215,265,false,https://reports.verasight.io/reports/spsp26#q-daily_life-19
2026-045_daily_life_1_a_1,1,1,0.04510148882047279,4.51,23.457247140417646,20,false,https://reports.verasight.io/reports/spsp26#q-daily_life-1_a_1
2026-045_daily_life_1_a_1,2,2,0.039502744136496355,3.95,20.545344647555375,21,false,https://reports.verasight.io/reports/spsp26#q-daily_life-1_a_1
2026-045_daily_life_1_a_1,3,3,0.0877803185110934,8.78,45.65447126536146,35,false,https://reports.verasight.io/reports/spsp26#q-daily_life-1_a_1
2026-045_daily_life_1_a_1,4,4,0.2889705530676959,28.9,150.29334633705466,152,false,https://reports.verasight.io/reports/spsp26#q-daily_life-1_a_1
2026-045_daily_life_1_a_1,5,5,0.16497045195917376,16.5,85.80099601315489,87,false,https://reports.verasight.io/reports/spsp26#q-daily_life-1_a_1
2026-045_daily_life_1_a_1,6,6,0.15103324399554044,15.1,78.55226564525755,82,false,https://reports.verasight.io/reports/spsp26#q-daily_life-1_a_1
2026-045_daily_life_1_a_1,7,7,0.2226411995095274,22.26,115.79550425314031,115,false,https://reports.verasight.io/reports/spsp26#q-daily_life-1_a_1
2026-045_daily_life_1_a_2,1,1,0.05454043134681278,5.45,28.366433364089502,27,false,https://reports.verasight.io/reports/spsp26#q-daily_life-1_a_2
2026-045_daily_life_1_a_2,2,2,0.04369929509109475,4.37,22.727967338154574,24,false,https://reports.verasight.io/reports/spsp26#q-daily_life-1_a_2
2026-045_daily_life_1_a_2,3,3,0.10152210271433115,10.15,52.80156189664267,47,false,https://reports.verasight.io/reports/spsp26#q-daily_life-1_a_2
2026-045_daily_life_1_a_2,4,4,0.2828929689423334,28.29,147.13239984562546,142,false,https://reports.verasight.io/reports/spsp26#q-daily_life-1_a_2
2026-045_daily_life_1_a_2,5,5,0.17671224841043814,17.67,91.90789466402076,87,false,https://reports.verasight.io/reports/spsp26#q-daily_life-1_a_2
2026-045_daily_life_1_a_2,6,6,0.14947837854046148,14.95,77.7435814043655,84,false,https://reports.verasight.io/reports/spsp26#q-daily_life-1_a_2
2026-045_daily_life_1_a_2,7,7,0.19115457495452837,19.12,99.41933678904343,101,false,https://reports.verasight.io/reports/spsp26#q-daily_life-1_a_2
2026-045_daily_life_1_a_3,1,1,0.057141436066723644,5.71,29.7192137738716,27,false,https://reports.verasight.io/reports/spsp26#q-daily_life-1_a_3
2026-045_daily_life_1_a_3,2,2,0.05993882796783463,5.99,31.174134994635757,27,false,https://reports.verasight.io/reports/spsp26#q-daily_life-1_a_3
2026-045_daily_life_1_a_3,3,3,0.12286580159438204,12.29,63.90240208205011,57,false,https://reports.verasight.io/reports/spsp26#q-daily_life-1_a_3
2026-045_daily_life_1_a_3,4,4,0.3102049017811567,31.02,161.33731359099949,166,false,https://reports.verasight.io/reports/spsp26#q-daily_life-1_a_3
2026-045_daily_life_1_a_3,5,5,0.17644284488927844,17.64,91.76777811484216,91,false,https://reports.verasight.io/reports/spsp26#q-daily_life-1_a_3
2026-045_daily_life_1_a_3,6,6,0.10638435032731793,10.64,55.33041287027092,56,false,https://reports.verasight.io/reports/spsp26#q-daily_life-1_a_3
2026-045_daily_life_1_a_3,7,7,0.1670218373733067,16.7,86.86791987527187,88,false,https://reports.verasight.io/reports/spsp26#q-daily_life-1_a_3
2026-045_daily_life_1_a_4,1,1,0.04029902374810566,4.03,20.95948901686312,18,false,https://reports.verasight.io/reports/spsp26#q-daily_life-1_a_4
2026-045_daily_life_1_a_4,2,2,0.02997903391803039,3.0,15.592070817116548,13,false,https://reports.verasight.io/reports/spsp26#q-daily_life-1_a_4
2026-045_daily_life_1_a_4,3,3,0.14543707807600914,14.54,75.64170436565648,68,false,https://reports.verasight.io/reports/spsp26#q-daily_life-1_a_4
2026-045_daily_life_1_a_4,4,4,0.26029354768726964,26.03,135.37845948856562,141,false,https://reports.verasight.io/reports/spsp26#q-daily_life-1_a_4
2026-045_daily_life_1_a_4,5,5,0.16949897480867038,16.95,88.15627701251408,86,false,https://reports.verasight.io/reports/spsp26#q-daily_life-1_a_4
2026-045_daily_life_1_a_4,6,6,0.14766470794500908,14.77,76.80029282340132,74,false,https://reports.verasight.io/reports/spsp26#q-daily_life-1_a_4
2026-045_daily_life_1_a_4,7,7,0.2068276338169058,20.68,107.57088177782472,112,false,https://reports.verasight.io/reports/spsp26#q-daily_life-1_a_4
2026-045_daily_life_1_a_5,1,1,0.07407154068758781,7.41,38.52454722495865,34,false,https://reports.verasight.io/reports/spsp26#q-daily_life-1_a_5
2026-045_daily_life_1_a_5,2,2,0.07250567936735412,7.25,37.7101440436679,34,false,https://reports.verasight.io/reports/spsp26#q-daily_life-1_a_5
2026-045_daily_life_1_a_5,3,3,0.1208253935534193,12.08,62.841187542665935,57,false,https://reports.verasight.io/reports/spsp26#q-daily_life-1_a_5
2026-045_daily_life_1_a_5,4,4,0.3184016444152379,31.84,165.60043267514735,169,false,https://reports.verasight.io/reports/spsp26#q-daily_life-1_a_5
2026-045_daily_life_1_a_5,5,5,0.16604946569396184,16.6,86.36219016675764,86,false,https://reports.verasight.io/reports/spsp26#q-daily_life-1_a_5
2026-045_daily_life_1_a_5,6,6,0.11472792370663408,11.47,59.669898503924486,59,false,https://reports.verasight.io/reports/spsp26#q-daily_life-1_a_5
2026-045_daily_life_1_a_5,7,7,0.13341835257580506,13.34,69.39077514481993,73,false,https://reports.verasight.io/reports/spsp26#q-daily_life-1_a_5
2026-045_daily_life_1_b_1,1,1,0.05439245883489757,5.44,26.10298585222204,22,false,https://reports.verasight.io/reports/spsp26#q-daily_life-1_b_1
2026-045_daily_life_1_b_1,2,2,0.02722691769193853,2.72,13.066220254347208,13,false,https://reports.verasight.io/reports/spsp26#q-daily_life-1_b_1
2026-045_daily_life_1_b_1,3,3,0.07945441801716584,7.95,38.13024073234143,31,false,https://reports.verasight.io/reports/spsp26#q-daily_life-1_b_1
2026-045_daily_life_1_b_1,4,4,0.32515700807939346,32.52,156.04311633365117,161,false,https://reports.verasight.io/reports/spsp26#q-daily_life-1_b_1
2026-045_daily_life_1_b_1,5,5,0.15741539210267352,15.74,75.54377649023981,80,false,https://reports.verasight.io/reports/spsp26#q-daily_life-1_b_1
2026-045_daily_life_1_b_1,6,6,0.14193383847437027,14.19,68.11416613641,74,false,https://reports.verasight.io/reports/spsp26#q-daily_life-1_b_1
2026-045_daily_life_1_b_1,7,7,0.214419966799561,21.44,102.90031889883765,107,false,https://reports.verasight.io/reports/spsp26#q-daily_life-1_b_1
2026-045_daily_life_1_b_2,1,1,0.04085639586345754,4.09,19.60701806906324,20,false,https://reports.verasight.io/reports/spsp26#q-daily_life-1_b_2
2026-045_daily_life_1_b_2,2,2,0.06269605347672458,6.27,30.087887768793124,26,false,https://reports.verasight.io/reports/spsp26#q-daily_life-1_b_2
2026-045_daily_life_1_b_2,3,3,0.14058961169370177,14.06,67.46907059578598,59,false,https://reports.verasight.io/reports/spsp26#q-daily_life-1_b_2
2026-045_daily_life_1_b_2,4,4,0.35107484262665684,35.11,168.48110650727045,175,false,https://reports.verasight.io/reports/spsp26#q-daily_life-1_b_2
2026-045_daily_life_1_b_2,5,5,0.1328524724727987,13.29,63.75601110287097,68,false,https://reports.verasight.io/reports/spsp26#q-daily_life-1_b_2
2026-045_daily_life_1_b_2,6,6,0.108020636564772,10.8,51.83919257184233,54,false,https://reports.verasight.io/reports/spsp26#q-daily_life-1_b_2
2026-045_daily_life_1_b_2,7,7,0.16390998730188874,16.39,78.66053808242319,86,false,https://reports.verasight.io/reports/spsp26#q-daily_life-1_b_2
2026-045_daily_life_1_b_3,1,1,0.06357612351795115,6.36,30.510234107369804,32,false,https://reports.verasight.io/reports/spsp26#q-daily_life-1_b_3
2026-045_daily_life_1_b_3,2,2,0.05377587896534187,5.38,25.807088664330042,28,false,https://reports.verasight.io/reports/spsp26#q-daily_life-1_b_3
2026-045_daily_life_1_b_3,3,3,0.125907475978625,12.59,60.42310155779196,61,false,https://reports.verasight.io/reports/spsp26#q-daily_life-1_b_3
2026-045_daily_life_1_b_3,4,4,0.31742972670810526,31.74,152.3347876308961,151,false,https://reports.verasight.io/reports/spsp26#q-daily_life-1_b_3
2026-045_daily_life_1_b_3,5,5,0.15195471159425317,15.2,72.92319141083632,71,false,https://reports.verasight.io/reports/spsp26#q-daily_life-1_b_3
2026-045_daily_life_1_b_3,6,6,0.12186622506564178,12.19,58.48370191183957,60,false,https://reports.verasight.io/reports/spsp26#q-daily_life-1_b_3
2026-045_daily_life_1_b_3,7,7,0.1654898581700819,16.55,79.4187194149855,85,false,https://reports.verasight.io/reports/spsp26#q-daily_life-1_b_3
2026-045_daily_life_1_b_4,1,1,0.06021040260543939,6.02,28.895021865751936,27,false,https://reports.verasight.io/reports/spsp26#q-daily_life-1_b_4
2026-045_daily_life_1_b_4,2,2,0.03644838939281012,3.64,17.491612128525208,21,false,https://reports.verasight.io/reports/spsp26#q-daily_life-1_b_4
2026-045_daily_life_1_b_4,3,3,0.13434561991636942,13.43,64.47257379243635,59,false,https://reports.verasight.io/reports/spsp26#q-daily_life-1_b_4
2026-045_daily_life_1_b_4,4,4,0.3298771606895157,32.99,158.3083214639495,166,false,https://reports.verasight.io/reports/spsp26#q-daily_life-1_b_4
2026-045_daily_life_1_b_4,5,5,0.15266900010131812,15.27,73.26597905444913,78,false,https://reports.verasight.io/reports/spsp26#q-daily_life-1_b_4
2026-045_daily_life_1_b_4,6,6,0.11402605881335343,11.4,54.72119966159657,56,false,https://reports.verasight.io/reports/spsp26#q-daily_life-1_b_4
2026-045_daily_life_1_b_4,7,7,0.1724233684811939,17.24,82.74611673134059,81,false,https://reports.verasight.io/reports/spsp26#q-daily_life-1_b_4
2026-045_daily_life_1_b_5,1,1,0.049533333554392676,4.95,23.7710876227966,25,false,https://reports.verasight.io/reports/spsp26#q-daily_life-1_b_5
2026-045_daily_life_1_b_5,2,2,0.05128537674496808,5.13,24.61189459486034,26,false,https://reports.verasight.io/reports/spsp26#q-daily_life-1_b_5
2026-045_daily_life_1_b_5,3,3,0.13989177482039497,13.99,67.13417810478134,69,false,https://reports.verasight.io/reports/spsp26#q-daily_life-1_b_5
2026-045_daily_life_1_b_5,4,4,0.3840263018839933,38.4,184.2945389798704,177,false,https://reports.verasight.io/reports/spsp26#q-daily_life-1_b_5
2026-045_daily_life_1_b_5,5,5,0.14455561406605133,14.46,69.37235840503097,76,false,https://reports.verasight.io/reports/spsp26#q-daily_life-1_b_5
2026-045_daily_life_1_b_5,6,6,0.07502194288365423,7.5,36.00309226031561,40,false,https://reports.verasight.io/reports/spsp26#q-daily_life-1_b_5
2026-045_daily_life_1_b_5,7,7,0.15568565604654555,15.57,74.71367473039405,75,false,https://reports.verasight.io/reports/spsp26#q-daily_life-1_b_5
2026-045_daily_life_2,1,Strongly disagree,0.038724339149430756,3.87,38.72433914943041,38,false,https://reports.verasight.io/reports/spsp26#q-daily_life-2
2026-045_daily_life_2,2,Disagree,0.04902007158530037,4.9,49.02007158529993,50,false,https://reports.verasight.io/reports/spsp26#q-daily_life-2
2026-045_daily_life_2,3,Somewhat disagree,0.07128249387562724,7.13,71.28249387562661,63,false,https://reports.verasight.io/reports/spsp26#q-daily_life-2
2026-045_daily_life_2,4,Neither agree nor disagree,0.21355016894354772,21.36,213.55016894354583,215,false,https://reports.verasight.io/reports/spsp26#q-daily_life-2
2026-045_daily_life_2,5,Somewhat agree,0.24722169672568947,24.72,247.22169672568728,250,false,https://reports.verasight.io/reports/spsp26#q-daily_life-2
2026-045_daily_life_2,6,Agree,0.26340208251506647,26.34,263.40208251506414,272,false,https://reports.verasight.io/reports/spsp26#q-daily_life-2
2026-045_daily_life_2,7,Strongly agree,0.11679914720533807,11.68,116.79914720533704,112,false,https://reports.verasight.io/reports/spsp26#q-daily_life-2
2026-045_daily_life_20,1,Yes,0.24815210107856892,24.82,248.15210107856672,240,false,https://reports.verasight.io/reports/spsp26#q-daily_life-20
2026-045_daily_life_20,2,No,0.683321088993178,68.33,683.321088993172,698,false,https://reports.verasight.io/reports/spsp26#q-daily_life-20
2026-045_daily_life_20,3,Not sure,0.037466975453754436,3.75,37.4669754537541,36,false,https://reports.verasight.io/reports/spsp26#q-daily_life-20
2026-045_daily_life_20,4,Prefer not to say,0.031059834474498657,3.11,31.05983447449838,26,false,https://reports.verasight.io/reports/spsp26#q-daily_life-20
2026-045_daily_life_21,1,"Yes, but I would still buy only auto insurance",0.1376684514347102,13.77,137.668451434709,125,false,https://reports.verasight.io/reports/spsp26#q-daily_life-21
2026-045_daily_life_21,2,"Yes, but I would still buy only property insurance",0.04802746163520087,4.8,48.027461635200446,48,false,https://reports.verasight.io/reports/spsp26#q-daily_life-21
2026-045_daily_life_21,3,"Yes, I would still buy both property and auto insurance",0.5815752320178093,58.16,581.5752320178041,619,false,https://reports.verasight.io/reports/spsp26#q-daily_life-21
2026-045_daily_life_21,4,"No, I would not buy insurance",0.23272885491227976,23.27,232.7288549122777,208,false,https://reports.verasight.io/reports/spsp26#q-daily_life-21
2026-045_daily_life_22,1,No,0.9085339413868329,90.85,908.5339413868248,925,false,https://reports.verasight.io/reports/spsp26#q-daily_life-22
2026-045_daily_life_22,2,Yes,0.025381918811043645,2.54,25.38191881104342,23,false,https://reports.verasight.io/reports/spsp26#q-daily_life-22
2026-045_daily_life_22,3,Unsure/I did not attend college/university,0.06608413980212352,6.61,66.08413980212293,52,false,https://reports.verasight.io/reports/spsp26#q-daily_life-22
2026-045_daily_life_23,1,"They told me directly (e.g., I am liberal, I am conservative)",0.4310989690408277,43.11,431.0989690408239,459,false,https://reports.verasight.io/reports/spsp26#q-daily_life-23
2026-045_daily_life_23,2,"A subtle cue (clothing, sticker, comment)",0.3659186235484231,36.59,365.9186235484198,389,false,https://reports.verasight.io/reports/spsp26#q-daily_life-23
2026-045_daily_life_23,3,Someone else told me,0.13721853545384,13.72,137.21853545383877,143,false,https://reports.verasight.io/reports/spsp26#q-daily_life-23
2026-045_daily_life_23,4,I inferred it but never confirmed,0.23621886088014818,23.62,236.21886088014608,249,false,https://reports.verasight.io/reports/spsp26#q-daily_life-23
2026-045_daily_life_23,5,I never really know,0.18129689143246644,18.13,181.29689143246483,180,false,https://reports.verasight.io/reports/spsp26#q-daily_life-23
2026-045_daily_life_23,6,Other / Unsure,0.03903184593459167,3.9,39.031845934591324,34,false,https://reports.verasight.io/reports/spsp26#q-daily_life-23
2026-045_daily_life_23,7,I don't work/have never had coworkers,0.14216668992474013,14.22,142.16668992473888,130,false,https://reports.verasight.io/reports/spsp26#q-daily_life-23
2026-045_daily_life_24,1,I am worried about there being conflict,0.19554402111811586,19.55,195.54402111811413,195,false,https://reports.verasight.io/reports/spsp26#q-daily_life-24
2026-045_daily_life_24,2,Politics should not be a part of work,0.6386752226925605,63.87,638.6752226925548,655,false,https://reports.verasight.io/reports/spsp26#q-daily_life-24
2026-045_daily_life_24,3,Other / Unsure,0.16578075618932375,16.58,165.7807561893223,150,false,https://reports.verasight.io/reports/spsp26#q-daily_life-24
2026-045_daily_life_25,1,My family decided to move so I came with them,0.03829836435150957,3.83,38.298364351509235,37,false,https://reports.verasight.io/reports/spsp26#q-daily_life-25
2026-045_daily_life_25,2,Personal education or career opportunities,0.022844601865945204,2.28,22.844601865945002,26,false,https://reports.verasight.io/reports/spsp26#q-daily_life-25
2026-045_daily_life_25,3,Love or marriage,0.014744367835940478,1.47,14.744367835940347,14,false,https://reports.verasight.io/reports/spsp26#q-daily_life-25
2026-045_daily_life_25,4,Adventure or exploration,0.013097983767797496,1.31,13.09798376779738,10,false,https://reports.verasight.io/reports/spsp26#q-daily_life-25
2026-045_daily_life_25,5,Seeking asylum or refuge,0.021924603900338575,2.19,21.92460390033838,14,false,https://reports.verasight.io/reports/spsp26#q-daily_life-25
2026-045_daily_life_25,6,Other,0.015132741562117837,1.51,15.132741562117703,14,false,https://reports.verasight.io/reports/spsp26#q-daily_life-25
2026-045_daily_life_25,7,I was born in the United States,0.8977034128675364,89.77,897.7034128675284,908,false,https://reports.verasight.io/reports/spsp26#q-daily_life-25
2026-045_daily_life_26,1,Yes,0.908427071574142,90.84,908.427071574134,912,false,https://reports.verasight.io/reports/spsp26#q-daily_life-26
2026-045_daily_life_26,2,No,0.09157292842585808,9.16,91.57292842585727,88,false,https://reports.verasight.io/reports/spsp26#q-daily_life-26
2026-045_daily_life_27,1,My neighborhood or local community (the area immediately around where I live),0.6671647726994927,66.72,667.1647726994868,682,false,https://reports.verasight.io/reports/spsp26#q-daily_life-27
2026-045_daily_life_27,2,"My city, town, or village (the larger area around where I live)",0.785509599629786,78.55,785.509599629779,806,false,https://reports.verasight.io/reports/spsp26#q-daily_life-27
2026-045_daily_life_27,3,My region or state,0.41117678186546514,41.12,411.17678186546146,432,false,https://reports.verasight.io/reports/spsp26#q-daily_life-27
2026-045_daily_life_27,4,In regions or states close to mine,0.2077327051796323,20.77,207.73270517963044,222,false,https://reports.verasight.io/reports/spsp26#q-daily_life-27
2026-045_daily_life_27,5,Anywhere in the country as a whole,0.18540454839050108,18.54,185.40454839049943,192,false,https://reports.verasight.io/reports/spsp26#q-daily_life-27
2026-045_daily_life_27,6,Other countries outside of the one I currently live in,0.0899041671982223,8.99,89.90416719822151,102,false,https://reports.verasight.io/reports/spsp26#q-daily_life-27
2026-045_daily_life_28,1,On resume/CV,0.29654841776154056,29.65,296.5484177615379,281,false,https://reports.verasight.io/reports/spsp26#q-daily_life-28
2026-045_daily_life_28,2,On cover letter,0.10454218181197487,10.45,104.54218181197395,108,false,https://reports.verasight.io/reports/spsp26#q-daily_life-28
2026-045_daily_life_28,3,During interview(s) only,0.3633299431987813,36.33,363.3299431987781,372,false,https://reports.verasight.io/reports/spsp26#q-daily_life-28
2026-045_daily_life_28,4,"Not applicable (e.g., not having a career gap)",0.3861072127560617,38.61,386.1072127560583,385,false,https://reports.verasight.io/reports/spsp26#q-daily_life-28
2026-045_daily_life_29_a,1,Very good at determining racial bias,0.13008488613072436,13.01,67.65704199583675,63,false,https://reports.verasight.io/reports/spsp26#q-daily_life-29_a
2026-045_daily_life_29_a,2,Good at determining racial bias,0.1592840547262649,15.93,82.84350550187975,90,false,https://reports.verasight.io/reports/spsp26#q-daily_life-29_a
2026-045_daily_life_29_a,3,Somewhat good at determining racial bias,0.295191637813966,29.52,153.52892738307324,146,false,https://reports.verasight.io/reports/spsp26#q-daily_life-29_a
2026-045_daily_life_29_a,4,Neither good or bad at determining racial bias,0.3088958290989425,30.89,160.65646596856956,164,false,https://reports.verasight.io/reports/spsp26#q-daily_life-29_a
2026-045_daily_life_29_a,5,Somewhat bad at determining racial bias,0.05367272628776689,5.37,27.915140678474415,24,false,https://reports.verasight.io/reports/spsp26#q-daily_life-29_a
2026-045_daily_life_29_a,6,Bad at determining racial bias,0.03518806260372207,3.52,18.30128234066895,17,false,https://reports.verasight.io/reports/spsp26#q-daily_life-29_a
2026-045_daily_life_29_a,7,Very bad at determining racial bias,0.017682803338613304,1.77,9.196811433439203,8,false,https://reports.verasight.io/reports/spsp26#q-daily_life-29_a
2026-045_daily_life_29_b,1,Very good at determining racial bias,0.09969488722673622,9.97,47.84365859828973,45,false,https://reports.verasight.io/reports/spsp26#q-daily_life-29_b
2026-045_daily_life_29_b,2,Good at determining racial bias,0.17463678160488702,17.46,83.8083355147984,83,false,https://reports.verasight.io/reports/spsp26#q-daily_life-29_b
2026-045_daily_life_29_b,3,Somewhat good at determining racial bias,0.20915607768177097,20.92,100.37417417009114,112,false,https://reports.verasight.io/reports/spsp26#q-daily_life-29_b
2026-045_daily_life_29_b,4,Neither good or bad at determining racial bias,0.4016670582571239,40.17,192.76035251163316,194,false,https://reports.verasight.io/reports/spsp26#q-daily_life-29_b
2026-045_daily_life_29_b,5,Somewhat bad at determining racial bias,0.054722624603604886,5.47,26.261432676911745,25,false,https://reports.verasight.io/reports/spsp26#q-daily_life-29_b
2026-045_daily_life_29_b,6,Bad at determining racial bias,0.025545394253805517,2.55,12.259255769638076,13,false,https://reports.verasight.io/reports/spsp26#q-daily_life-29_b
2026-045_daily_life_29_b,7,Very bad at determining racial bias,0.03457717637207162,3.46,16.593615456687072,16,false,https://reports.verasight.io/reports/spsp26#q-daily_life-29_b
2026-045_daily_life_3,1,Strongly disagree,0.013114561110357312,1.31,13.114561110357196,12,false,https://reports.verasight.io/reports/spsp26#q-daily_life-3
2026-045_daily_life_3,2,Disagree,0.020413945590527904,2.04,20.41394559052772,17,false,https://reports.verasight.io/reports/spsp26#q-daily_life-3
2026-045_daily_life_3,3,Somewhat disagree,0.021184693784443383,2.12,21.184693784443194,22,false,https://reports.verasight.io/reports/spsp26#q-daily_life-3
2026-045_daily_life_3,4,Neither agree nor disagree,0.12394637322541188,12.39,123.94637322541078,119,false,https://reports.verasight.io/reports/spsp26#q-daily_life-3
2026-045_daily_life_3,5,Somewhat agree,0.18834704303577396,18.83,188.3470430357723,182,false,https://reports.verasight.io/reports/spsp26#q-daily_life-3
2026-045_daily_life_3,6,Agree,0.33719854886977835,33.72,337.1985488697754,354,false,https://reports.verasight.io/reports/spsp26#q-daily_life-3
2026-045_daily_life_3,7,Strongly agree,0.29579483438370724,29.58,295.7948343837046,294,false,https://reports.verasight.io/reports/spsp26#q-daily_life-3
2026-045_daily_life_30,1,I don't look at my finances or track spending,0.05163141911523359,5.16,51.631419115233136,44,false,https://reports.verasight.io/reports/spsp26#q-daily_life-30
2026-045_daily_life_30,2,I occasionally check my account balances but do not budget,0.12451142832594272,12.45,124.51142832594162,113,false,https://reports.verasight.io/reports/spsp26#q-daily_life-30
2026-045_daily_life_30,3,I have a general idea of my monthly expenses but do not formally track them,0.2795469161026336,27.95,279.54691610263114,276,false,https://reports.verasight.io/reports/spsp26#q-daily_life-30
2026-045_daily_life_30,4,I set a rough monthly budget and track some spending,0.22908804084619563,22.91,229.0880408461936,241,false,https://reports.verasight.io/reports/spsp26#q-daily_life-30
2026-045_daily_life_30,5,I set a detailed monthly budget and track most income and expenses,0.18390779601559246,18.39,183.90779601559083,196,false,https://reports.verasight.io/reports/spsp26#q-daily_life-30
2026-045_daily_life_30,6,"Every dollar is assigned to a budget category, and I track all money coming in and going out",0.13131439959440205,13.13,131.3143995944009,130,false,https://reports.verasight.io/reports/spsp26#q-daily_life-30
2026-045_daily_life_31_a,1,0 hours,0.03802131262872429,3.8,19.774853342096808,18,false,https://reports.verasight.io/reports/spsp26#q-daily_life-31_a
2026-045_daily_life_31_a,2,Less than 30 minutes,0.10288532107841504,10.29,53.510570643559156,54,false,https://reports.verasight.io/reports/spsp26#q-daily_life-31_a
2026-045_daily_life_31_a,3,30-60 minutes,0.14136869827084791,14.14,73.52574338417705,76,false,https://reports.verasight.io/reports/spsp26#q-daily_life-31_a
2026-045_daily_life_31_a,4,1-2 hours,0.31603137491305805,31.6,164.36765746182027,152,false,https://reports.verasight.io/reports/spsp26#q-daily_life-31_a
2026-045_daily_life_31_a,5,3-4 hours,0.20569946120042926,20.57,106.98412013039705,111,false,https://reports.verasight.io/reports/spsp26#q-daily_life-31_a
2026-045_daily_life_31_a,6,5-6 hours,0.07999234930730047,8.0,41.603954905191834,45,false,https://reports.verasight.io/reports/spsp26#q-daily_life-31_a
2026-045_daily_life_31_a,7,7+ hours,0.1160014826012251,11.6,60.33227543469973,56,false,https://reports.verasight.io/reports/spsp26#q-daily_life-31_a
2026-045_daily_life_31_b,1,0 hours,0.030982426029103064,3.1,14.868491802512867,13,false,https://reports.verasight.io/reports/spsp26#q-daily_life-31_b
2026-045_daily_life_31_b,2,Less than 30 minutes,0.06621985623926403,6.62,31.778963620609073,32,false,https://reports.verasight.io/reports/spsp26#q-daily_life-31_b
2026-045_daily_life_31_b,3,30-60 minutes,0.19678852535723054,19.68,94.4389756100479,97,false,https://reports.verasight.io/reports/spsp26#q-daily_life-31_b
2026-045_daily_life_31_b,4,1-2 hours,0.29628033626549927,29.63,142.18517771562844,149,false,https://reports.verasight.io/reports/spsp26#q-daily_life-31_b
2026-045_daily_life_31_b,5,3-4 hours,0.2088541070974471,20.89,100.22925823763956,104,false,https://reports.verasight.io/reports/spsp26#q-daily_life-31_b
2026-045_daily_life_31_b,6,5-6 hours,0.09092333526025434,9.09,43.63418357569328,43,false,https://reports.verasight.io/reports/spsp26#q-daily_life-31_b
2026-045_daily_life_31_b,7,7+ hours,0.10995141375120179,11.0,52.76577413591817,50,false,https://reports.verasight.io/reports/spsp26#q-daily_life-31_b
2026-045_daily_life_32,1,I prioritize completing tasks quickly to avoid having to think about them,0.3056876417923605,30.57,305.6876417923578,306,false,https://reports.verasight.io/reports/spsp26#q-daily_life-32
2026-045_daily_life_32,2,I approach tasks as they are without thinking about them much,0.2825221234660928,28.25,282.5221234660903,276,false,https://reports.verasight.io/reports/spsp26#q-daily_life-32
2026-045_daily_life_32,3,I plan ahead before starting a task,0.4902006770384368,49.02,490.20067703843245,485,false,https://reports.verasight.io/reports/spsp26#q-daily_life-32
2026-045_daily_life_32,4,I put off tasks for as long as possible,0.1826531183587598,18.27,182.65311835875818,175,false,https://reports.verasight.io/reports/spsp26#q-daily_life-32
2026-045_daily_life_32,5,I avoid thinking about tasks altogether,0.07307195766655414,7.31,73.07195766655349,70,false,https://reports.verasight.io/reports/spsp26#q-daily_life-32
2026-045_daily_life_32,6,I postpone tasks until I feel prepared to start them,0.19700999000340438,19.7,197.00999000340263,209,false,https://reports.verasight.io/reports/spsp26#q-daily_life-32
2026-045_daily_life_32,7,None of the above,0.045960847637389154,4.6,45.960847637388746,39,false,https://reports.verasight.io/reports/spsp26#q-daily_life-32
2026-045_daily_life_33,1,Parent(s),0.1695956086777197,16.96,169.5956086777182,155,false,https://reports.verasight.io/reports/spsp26#q-daily_life-33
2026-045_daily_life_33,2,Partner(s),0.3917502564006187,39.18,391.7502564006152,397,false,https://reports.verasight.io/reports/spsp26#q-daily_life-33
2026-045_daily_life_33,3,Friends,0.36055064763446243,36.06,360.5506476344592,349,false,https://reports.verasight.io/reports/spsp26#q-daily_life-33
2026-045_daily_life_33,4,Coworkers,0.11436622376100353,11.44,114.36622376100252,113,false,https://reports.verasight.io/reports/spsp26#q-daily_life-33
2026-045_daily_life_33,5,Classmates,0.02212645745649208,2.21,22.12645745649188,16,false,https://reports.verasight.io/reports/spsp26#q-daily_life-33
2026-045_daily_life_33,6,Siblings,0.15870182173558742,15.87,158.701821735586,152,false,https://reports.verasight.io/reports/spsp26#q-daily_life-33
2026-045_daily_life_33,7,Other / I never feel obligated to share gossip,0.349754575659348,34.98,349.7545756593449,364,false,https://reports.verasight.io/reports/spsp26#q-daily_life-33
2026-045_daily_life_34,1,Celebrity/Social Media Influencer,0.02599676448789843,2.6,25.996764487898197,21,false,https://reports.verasight.io/reports/spsp26#q-daily_life-34
2026-045_daily_life_34,2,Elected Official,0.013143522359410098,1.31,13.143522359409982,13,false,https://reports.verasight.io/reports/spsp26#q-daily_life-34
2026-045_daily_life_34,3,Doctor,0.7385179891239312,73.85,738.5179891239246,751,false,https://reports.verasight.io/reports/spsp26#q-daily_life-34
2026-045_daily_life_34,4,Journalist,0.012220255638680384,1.22,12.220255638680275,8,false,https://reports.verasight.io/reports/spsp26#q-daily_life-34
2026-045_daily_life_34,5,Religious Leader,0.045242235330902825,4.52,45.242235330902425,38,false,https://reports.verasight.io/reports/spsp26#q-daily_life-34
2026-045_daily_life_34,6,Scientist,0.1461303519332625,14.61,146.13035193326118,153,false,https://reports.verasight.io/reports/spsp26#q-daily_life-34
2026-045_daily_life_34,7,Academic Content Creator,0.0187488811259147,1.87,18.748881125914533,16,false,https://reports.verasight.io/reports/spsp26#q-daily_life-34
2026-045_daily_life_35_a,1,Strongly disagree,0.01278841821304014,1.28,6.651245766018509,6,false,https://reports.verasight.io/reports/spsp26#q-daily_life-35_a
2026-045_daily_life_35_a,2,Disagree,0.01906717271090628,1.91,9.916820802282047,11,false,https://reports.verasight.io/reports/spsp26#q-daily_life-35_a
2026-045_daily_life_35_a,3,Somewhat disagree,0.06569733852920942,6.57,34.16913158857431,38,false,https://reports.verasight.io/reports/spsp26#q-daily_life-35_a
2026-045_daily_life_35_a,4,Neither agree nor disagree,0.1989016604273197,19.89,103.44858955443586,107,false,https://reports.verasight.io/reports/spsp26#q-daily_life-35_a
2026-045_daily_life_35_a,5,Somewhat agree,0.2912482564374207,29.12,151.47797798123096,147,false,https://reports.verasight.io/reports/spsp26#q-daily_life-35_a
2026-045_daily_life_35_a,6,Agree,0.26367189906419275,26.37,137.1355372535835,132,false,https://reports.verasight.io/reports/spsp26#q-daily_life-35_a
2026-045_daily_life_35_a,7,Strongly agree,0.14862525461791112,14.86,77.2998723558167,71,false,https://reports.verasight.io/reports/spsp26#q-daily_life-35_a
2026-045_daily_life_35_b,1,Strongly disagree,0.026419226255943448,2.64,12.678608468111616,13,false,https://reports.verasight.io/reports/spsp26#q-daily_life-35_b
2026-045_daily_life_35_b,2,Disagree,0.06090890000023089,6.09,29.230231341561815,25,false,https://reports.verasight.io/reports/spsp26#q-daily_life-35_b
2026-045_daily_life_35_b,3,Somewhat disagree,0.07630060936056746,7.63,36.616725357100016,40,false,https://reports.verasight.io/reports/spsp26#q-daily_life-35_b
2026-045_daily_life_35_b,4,Neither agree nor disagree,0.2238208186762634,22.38,107.41179546733134,103,false,https://reports.verasight.io/reports/spsp26#q-daily_life-35_b
2026-045_daily_life_35_b,5,Somewhat agree,0.2605483513161089,26.05,125.0373686703177,140,false,https://reports.verasight.io/reports/spsp26#q-daily_life-35_b
2026-045_daily_life_35_b,6,Agree,0.2240895593179132,22.41,107.54076432288896,108,false,https://reports.verasight.io/reports/spsp26#q-daily_life-35_b
2026-045_daily_life_35_b,7,Strongly agree,0.1279125350729729,12.79,61.38533107073784,59,false,https://reports.verasight.io/reports/spsp26#q-daily_life-35_b
2026-045_daily_life_36,1,Strongly disagree,0.048570517731082084,4.86,48.57051773108165,49,false,https://reports.verasight.io/reports/spsp26#q-daily_life-36
2026-045_daily_life_36,2,Disagree,0.2191281389566961,21.91,219.12813895669416,237,false,https://reports.verasight.io/reports/spsp26#q-daily_life-36
2026-045_daily_life_36,3,Neither agree nor disagree,0.5301024186068699,53.01,530.1024186068652,517,false,https://reports.verasight.io/reports/spsp26#q-daily_life-36
2026-045_daily_life_36,4,Agree,0.1723915741347247,17.24,172.39157413472316,176,false,https://reports.verasight.io/reports/spsp26#q-daily_life-36
2026-045_daily_life_36,5,Strongly agree,0.02980735057062731,2.98,29.807350570627044,21,false,https://reports.verasight.io/reports/spsp26#q-daily_life-36
2026-045_daily_life_37,1,"Economics factors (clothing brands, spending habits, fashion style, car brands, etc.)",0.6351069246827914,63.51,635.1069246827858,657,false,https://reports.verasight.io/reports/spsp26#q-daily_life-37
2026-045_daily_life_37,2,"Social factors (number of friends, number of online connections, quality of friendships, etc.)",0.4330297939694973,43.3,433.0297939694935,430,false,https://reports.verasight.io/reports/spsp26#q-daily_life-37
2026-045_daily_life_37,3,"Cultural factors (hobbies, moral values, social etiquette, accent, etc.)",0.4244661086825273,42.45,424.46610868252355,443,false,https://reports.verasight.io/reports/spsp26#q-daily_life-37
2026-045_daily_life_37,4,"Individual characteristics (personality, mannerisms, warmth, competence, etc.)",0.4870872177790516,48.71,487.0872177790473,504,false,https://reports.verasight.io/reports/spsp26#q-daily_life-37
2026-045_daily_life_37,5,"Physical or health factors (hygiene, athleticism, attractiveness, etc.)",0.429151238335598,42.92,429.1512383355942,437,false,https://reports.verasight.io/reports/spsp26#q-daily_life-37
2026-045_daily_life_37,6,Other,0.02770049050265731,2.77,27.700490502657065,29,false,https://reports.verasight.io/reports/spsp26#q-daily_life-37
2026-045_daily_life_37,7,None of the above,0.12477847751177551,12.48,124.7784775117744,113,false,https://reports.verasight.io/reports/spsp26#q-daily_life-37
2026-045_daily_life_38,1,Private room karaoke,0.17783598444264315,17.78,177.83598444264157,167,false,https://reports.verasight.io/reports/spsp26#q-daily_life-38
2026-045_daily_life_38,2,Bar/Stage karaoke,0.20622589885384726,20.62,206.22589885384542,204,false,https://reports.verasight.io/reports/spsp26#q-daily_life-38
2026-045_daily_life_38,3,No karaoke,0.5968099945985067,59.68,596.8099945985014,614,false,https://reports.verasight.io/reports/spsp26#q-daily_life-38
2026-045_daily_life_38,4,Other,0.019128122105003018,1.91,19.12812210500285,15,false,https://reports.verasight.io/reports/spsp26#q-daily_life-38
2026-045_daily_life_4_a,1,Strongly disagree,0.007552244475246441,0.76,3.9279161232543203,5,false,https://reports.verasight.io/reports/spsp26#q-daily_life-4_a
2026-045_daily_life_4_a,2,Disagree,0.02572940098114802,2.57,13.381840231308058,12,false,https://reports.verasight.io/reports/spsp26#q-daily_life-4_a
2026-045_daily_life_4_a,3,Somewhat disagree,0.05716495970794239,5.72,29.73144840026957,31,false,https://reports.verasight.io/reports/spsp26#q-daily_life-4_a
2026-045_daily_life_4_a,4,Neither agree nor disagree,0.19864820759252572,19.86,103.31676894408157,97,false,https://reports.verasight.io/reports/spsp26#q-daily_life-4_a
2026-045_daily_life_4_a,5,Somewhat agree,0.2271510629859279,22.72,118.14108052794056,120,false,https://reports.verasight.io/reports/spsp26#q-daily_life-4_a
2026-045_daily_life_4_a,6,Agree,0.3095238122172417,30.95,160.9830794705005,159,false,https://reports.verasight.io/reports/spsp26#q-daily_life-4_a
2026-045_daily_life_4_a,7,Strongly agree,0.17423031203996792,17.42,90.6170416045873,88,false,https://reports.verasight.io/reports/spsp26#q-daily_life-4_a
2026-045_daily_life_4_b,1,Strongly disagree,0.008993378027412862,0.9,4.315929532176748,5,false,https://reports.verasight.io/reports/spsp26#q-daily_life-4_b
2026-045_daily_life_4_b,2,Disagree,0.004419771850142848,0.44,2.1210521558607756,3,false,https://reports.verasight.io/reports/spsp26#q-daily_life-4_b
2026-045_daily_life_4_b,3,Somewhat disagree,0.021760078057063214,2.18,10.442679405078561,8,false,https://reports.verasight.io/reports/spsp26#q-daily_life-4_b
2026-045_daily_life_4_b,4,Neither agree nor disagree,0.1014641256133854,10.15,48.69271755913012,41,false,https://reports.verasight.io/reports/spsp26#q-daily_life-4_b
2026-045_daily_life_4_b,5,Somewhat agree,0.11498357369658879,11.5,55.18071184372188,54,false,https://reports.verasight.io/reports/spsp26#q-daily_life-4_b
2026-045_daily_life_4_b,6,Agree,0.3333263690462918,33.33,159.96359939892176,171,false,https://reports.verasight.io/reports/spsp26#q-daily_life-4_b
2026-045_daily_life_4_b,7,Strongly agree,0.41505270370911523,41.51,199.18413480315948,206,false,https://reports.verasight.io/reports/spsp26#q-daily_life-4_b
2026-045_daily_life_5,1,Strongly disagree,0.11494379393038728,11.49,114.94379393038626,115,false,https://reports.verasight.io/reports/spsp26#q-daily_life-5
2026-045_daily_life_5,2,Somewhat disagree,0.08847940315382855,8.85,88.47940315382776,91,false,https://reports.verasight.io/reports/spsp26#q-daily_life-5
2026-045_daily_life_5,3,Slightly disagree,0.09222414172139616,9.22,92.22414172139534,91,false,https://reports.verasight.io/reports/spsp26#q-daily_life-5
2026-045_daily_life_5,4,Neutral,0.24266880770717633,24.27,242.66880770717418,250,false,https://reports.verasight.io/reports/spsp26#q-daily_life-5
2026-045_daily_life_5,5,Slightly agree,0.14483751511708226,14.48,144.83751511708098,135,false,https://reports.verasight.io/reports/spsp26#q-daily_life-5
2026-045_daily_life_5,6,Somewhat agree,0.17690968239990384,17.69,176.90968239990227,181,false,https://reports.verasight.io/reports/spsp26#q-daily_life-5
2026-045_daily_life_5,7,Strongly agree,0.13993665597022564,13.99,139.9366559702244,137,false,https://reports.verasight.io/reports/spsp26#q-daily_life-5
2026-045_daily_life_6,1,Strongly disagree,0.11248563115072054,11.25,112.48563115071954,113,false,https://reports.verasight.io/reports/spsp26#q-daily_life-6
2026-045_daily_life_6,2,Somewhat disagree,0.07298838879242435,7.3,72.9883887924237,80,false,https://reports.verasight.io/reports/spsp26#q-daily_life-6
2026-045_daily_life_6,3,Slightly disagree,0.08524284257385092,8.52,85.24284257385017,78,false,https://reports.verasight.io/reports/spsp26#q-daily_life-6
2026-045_daily_life_6,4,Neutral,0.23814270119006506,23.81,238.14270119006295,241,false,https://reports.verasight.io/reports/spsp26#q-daily_life-6
2026-045_daily_life_6,5,Slightly agree,0.15013956268964926,15.01,150.13956268964793,148,false,https://reports.verasight.io/reports/spsp26#q-daily_life-6
2026-045_daily_life_6,6,Somewhat agree,0.18524257022010943,18.52,185.24257022010778,192,false,https://reports.verasight.io/reports/spsp26#q-daily_life-6
2026-045_daily_life_6,7,Strongly agree,0.1557583033831805,15.58,155.7583033831791,148,false,https://reports.verasight.io/reports/spsp26#q-daily_life-6
2026-045_daily_life_7,1,Strongly disagree,0.12357071610396055,12.36,123.57071610395946,119,false,https://reports.verasight.io/reports/spsp26#q-daily_life-7
2026-045_daily_life_7,2,Somewhat disagree,0.11935866433422304,11.94,119.35866433422198,131,false,https://reports.verasight.io/reports/spsp26#q-daily_life-7
2026-045_daily_life_7,3,Slightly agree,0.043253806069013696,4.33,43.253806069013315,48,false,https://reports.verasight.io/reports/spsp26#q-daily_life-7
2026-045_daily_life_7,4,Neutral,0.24435205257766784,24.44,244.3520525776657,245,false,https://reports.verasight.io/reports/spsp26#q-daily_life-7
2026-045_daily_life_7,5,Somewhat agree,0.24727957271139375,24.73,247.27957271139155,246,false,https://reports.verasight.io/reports/spsp26#q-daily_life-7
2026-045_daily_life_7,6,Strongly agree,0.16356951129674324,16.36,163.56951129674178,162,false,https://reports.verasight.io/reports/spsp26#q-daily_life-7
2026-045_daily_life_7,7,Strongly disagree,0.05861567690699795,5.86,58.61567690699743,49,false,https://reports.verasight.io/reports/spsp26#q-daily_life-7
2026-045_daily_life_8,1,Strongly disagree,0.141809078506084,14.18,141.80907850608276,138,false,https://reports.verasight.io/reports/spsp26#q-daily_life-8
2026-045_daily_life_8,2,Somewhat disagree,0.11571748541291534,11.57,115.71748541291431,124,false,https://reports.verasight.io/reports/spsp26#q-daily_life-8
2026-045_daily_life_8,3,Slightly disagree,0.11514191926038528,11.51,115.14191926038426,125,false,https://reports.verasight.io/reports/spsp26#q-daily_life-8
2026-045_daily_life_8,4,Neutral,0.2243911420110104,22.44,224.3911420110084,214,false,https://reports.verasight.io/reports/spsp26#q-daily_life-8
2026-045_daily_life_8,5,Slightly agree,0.15185356823140328,15.19,151.85356823140194,159,false,https://reports.verasight.io/reports/spsp26#q-daily_life-8
2026-045_daily_life_8,6,Somewhat agree,0.1357759250233277,13.58,135.7759250233265,132,false,https://reports.verasight.io/reports/spsp26#q-daily_life-8
2026-045_daily_life_8,7,Strongly agree,0.11531088155487408,11.53,115.31088155487306,108,false,https://reports.verasight.io/reports/spsp26#q-daily_life-8
2026-045_daily_life_9,1,Strongly disagree,0.22987768132300773,22.99,229.8776813230057,234,false,https://reports.verasight.io/reports/spsp26#q-daily_life-9
2026-045_daily_life_9,2,Somewhat disagree,0.12977271049905423,12.98,129.7727104990531,142,false,https://reports.verasight.io/reports/spsp26#q-daily_life-9
2026-045_daily_life_9,3,Slightly disagree,0.11574832341579928,11.57,115.74832341579825,124,false,https://reports.verasight.io/reports/spsp26#q-daily_life-9
2026-045_daily_life_9,4,Neutral,0.29783972187367125,29.78,297.8397218736686,281,false,https://reports.verasight.io/reports/spsp26#q-daily_life-9
2026-045_daily_life_9,5,Slightly agree,0.07778360122831565,7.78,77.78360122831496,75,false,https://reports.verasight.io/reports/spsp26#q-daily_life-9
2026-045_daily_life_9,6,Somewhat agree,0.07384040061206013,7.38,73.84040061205947,75,false,https://reports.verasight.io/reports/spsp26#q-daily_life-9
2026-045_daily_life_9,7,Strongly agree,0.07513756104809177,7.51,75.1375610480911,69,false,https://reports.verasight.io/reports/spsp26#q-daily_life-9
2026-045_identity_10,1,Not at all like me,0.07393872663352798,7.39,73.93872663352704,73,false,https://reports.verasight.io/reports/spsp26#q-identity-10
2026-045_identity_10,2,Mostly not like me,0.09257046224138037,9.26,92.57046224137919,93,false,https://reports.verasight.io/reports/spsp26#q-identity-10
2026-045_identity_10,3,Somewhat not like me,0.12756680240261214,12.76,127.56680240261052,136,false,https://reports.verasight.io/reports/spsp26#q-identity-10
2026-045_identity_10,4,Somewhat like me,0.24255678148595564,24.26,242.55678148595254,242,false,https://reports.verasight.io/reports/spsp26#q-identity-10
2026-045_identity_10,5,Mostly like me,0.24841118342244137,24.84,248.4111834224382,261,false,https://reports.verasight.io/reports/spsp26#q-identity-10
2026-045_identity_10,6,Very much like me,0.21495604381408245,21.5,214.95604381407972,195,false,https://reports.verasight.io/reports/spsp26#q-identity-10
2026-045_identity_11,1,Never,0.046931895079468225,4.69,46.93189507946763,46,false,https://reports.verasight.io/reports/spsp26#q-identity-11
2026-045_identity_11,2,Sometimes,0.10673272522429149,10.67,106.73272522429014,125,false,https://reports.verasight.io/reports/spsp26#q-identity-11
2026-045_identity_11,3,About half the time,0.06815154515819902,6.82,68.15154515819815,76,false,https://reports.verasight.io/reports/spsp26#q-identity-11
2026-045_identity_11,4,Most of the time,0.2926518140315236,29.27,292.6518140315199,301,false,https://reports.verasight.io/reports/spsp26#q-identity-11
2026-045_identity_11,5,Every time,0.3134783421304709,31.35,313.4783421304669,302,false,https://reports.verasight.io/reports/spsp26#q-identity-11
2026-045_identity_11,6,Not sure,0.038104781930564095,3.81,38.10478193056361,34,false,https://reports.verasight.io/reports/spsp26#q-identity-11
2026-045_identity_11,7,I have never engaged in a sexual relationship with another person / I don't wish to answer,0.13394889644548255,13.39,133.94889644548084,116,false,https://reports.verasight.io/reports/spsp26#q-identity-11
2026-045_identity_12,1,Strongly disagree,0.014458342059826268,1.45,14.458342059826084,16,false,https://reports.verasight.io/reports/spsp26#q-identity-12
2026-045_identity_12,2,Moderately disagree,0.022008646635948585,2.2,22.008646635948306,24,false,https://reports.verasight.io/reports/spsp26#q-identity-12
2026-045_identity_12,3,Slightly disagree,0.054210023276027364,5.42,54.210023276026675,52,false,https://reports.verasight.io/reports/spsp26#q-identity-12
2026-045_identity_12,4,Neither,0.12157261961262178,12.16,121.57261961262023,105,false,https://reports.verasight.io/reports/spsp26#q-identity-12
2026-045_identity_12,5,Slightly agree,0.24537619393869542,24.54,245.3761939386923,224,false,https://reports.verasight.io/reports/spsp26#q-identity-12
2026-045_identity_12,6,Moderately agree,0.3656210688510998,36.56,365.6210688510951,393,false,https://reports.verasight.io/reports/spsp26#q-identity-12
2026-045_identity_12,7,Strongly agree,0.1767531056257807,17.68,176.75310562577846,186,false,https://reports.verasight.io/reports/spsp26#q-identity-12
2026-045_identity_13,1,Strongly disagree,0.11177951413766601,11.18,111.77951413766459,120,false,https://reports.verasight.io/reports/spsp26#q-identity-13
2026-045_identity_13,2,Disagree,0.13563356270532784,13.56,135.6335627053261,139,false,https://reports.verasight.io/reports/spsp26#q-identity-13
2026-045_identity_13,3,Neither agree nor disagree,0.30344595353736775,30.34,303.4459535373639,292,false,https://reports.verasight.io/reports/spsp26#q-identity-13
2026-045_identity_13,4,Agree,0.3166623710193287,31.67,316.66237101932467,323,false,https://reports.verasight.io/reports/spsp26#q-identity-13
2026-045_identity_13,5,Strongly agree,0.1324785986003096,13.25,132.47859860030792,126,false,https://reports.verasight.io/reports/spsp26#q-identity-13
2026-045_identity_14,1,Do not feel this way at all,0.13413433123159557,13.41,134.13433123159388,135,false,https://reports.verasight.io/reports/spsp26#q-identity-14
2026-045_identity_14,2,Feel this way moderately,0.5803633692092511,58.04,580.3633692092437,591,false,https://reports.verasight.io/reports/spsp26#q-identity-14
2026-045_identity_14,3,Feel this way very much,0.2855022995591532,28.55,285.50229955914955,274,false,https://reports.verasight.io/reports/spsp26#q-identity-14
2026-045_identity_15,1,I was not adopted as a child,0.8284346439267581,82.84,828.4346439267476,856,false,https://reports.verasight.io/reports/spsp26#q-identity-15
2026-045_identity_15,2,Africa,0.006406787784051948,0.64,6.4067877840518666,5,false,https://reports.verasight.io/reports/spsp26#q-identity-15
2026-045_identity_15,3,Asia,0.010769667054545885,1.08,10.769667054545748,8,false,https://reports.verasight.io/reports/spsp26#q-identity-15
2026-045_identity_15,4,Australia/Oceania,0.006146101748351313,0.61,6.146101748351235,3,false,https://reports.verasight.io/reports/spsp26#q-identity-15
2026-045_identity_15,5,Europe,0.012431919215617605,1.24,12.431919215617446,13,false,https://reports.verasight.io/reports/spsp26#q-identity-15
2026-045_identity_15,6,"Latin America (Mexico, Central America, South America, and the Caribbean)",0.017407167853840673,1.74,17.407167853840452,15,false,https://reports.verasight.io/reports/spsp26#q-identity-15
2026-045_identity_15,7,U.S. or Canada,0.11840371241683433,11.84,118.40371241683282,100,false,https://reports.verasight.io/reports/spsp26#q-identity-15
2026-045_identity_16,1,Strongly disagree,0.040968731697904194,4.1,40.96873169790367,44,false,https://reports.verasight.io/reports/spsp26#q-identity-16
2026-045_identity_16,2,Disagree,0.11800378051854525,11.8,118.00378051854375,118,false,https://reports.verasight.io/reports/spsp26#q-identity-16
2026-045_identity_16,3,Somewhat disagree,0.13212882465637377,13.21,132.12882465637207,139,false,https://reports.verasight.io/reports/spsp26#q-identity-16
2026-045_identity_16,4,Neither agree nor disagree,0.2630668242666981,26.31,263.0668242666947,257,false,https://reports.verasight.io/reports/spsp26#q-identity-16
2026-045_identity_16,5,Somewhat agree,0.2476731175255069,24.77,247.67311752550373,257,false,https://reports.verasight.io/reports/spsp26#q-identity-16
2026-045_identity_16,6,Agree,0.1181618391494649,11.82,118.1618391494634,115,false,https://reports.verasight.io/reports/spsp26#q-identity-16
2026-045_identity_16,7,Strongly agree,0.0799968821855069,8.0,79.99688218550588,70,false,https://reports.verasight.io/reports/spsp26#q-identity-16
2026-045_identity_17,1,Always,0.03829983816579661,3.83,38.29983816579612,38,false,https://reports.verasight.io/reports/spsp26#q-identity-17
2026-045_identity_17,2,Very often,0.22231762010559045,22.23,222.31762010558762,218,false,https://reports.verasight.io/reports/spsp26#q-identity-17
2026-045_identity_17,3,Somewhat often,0.3629903899730811,36.3,362.99038997307645,348,false,https://reports.verasight.io/reports/spsp26#q-identity-17
2026-045_identity_17,4,Not often,0.33290454600532043,33.29,332.9045460053162,357,false,https://reports.verasight.io/reports/spsp26#q-identity-17
2026-045_identity_17,5,Never,0.04348760575021142,4.35,43.48760575021087,39,false,https://reports.verasight.io/reports/spsp26#q-identity-17
2026-045_identity_18,1,Not at all important,0.030060914198005148,3.01,30.060914198004767,29,false,https://reports.verasight.io/reports/spsp26#q-identity-18
2026-045_identity_18,2,Somewhat important,0.10357022865053506,10.36,103.57022865053374,98,false,https://reports.verasight.io/reports/spsp26#q-identity-18
2026-045_identity_18,3,Moderately important,0.17486629214982632,17.49,174.8662921498241,167,false,https://reports.verasight.io/reports/spsp26#q-identity-18
2026-045_identity_18,4,Very important,0.36681399244088225,36.68,366.8139924408776,372,false,https://reports.verasight.io/reports/spsp26#q-identity-18
2026-045_identity_18,5,Extremely important,0.3246885725607512,32.47,324.68857256074705,334,false,https://reports.verasight.io/reports/spsp26#q-identity-18
2026-045_identity_19_a,1,Strongly disagree,0.010049799124820943,1.0,4.702678063305836,7,false,https://reports.verasight.io/reports/spsp26#q-identity-19_a
2026-045_identity_19_a,2,Disagree,0.03662040332596274,3.66,17.13606065668356,20,false,https://reports.verasight.io/reports/spsp26#q-identity-19_a
2026-045_identity_19_a,3,Neither disagree nor agree,0.15753959526970424,15.75,73.7186872668082,72,false,https://reports.verasight.io/reports/spsp26#q-identity-19_a
2026-045_identity_19_a,4,Agree,0.43401960488200647,43.4,203.09405686351406,206,false,https://reports.verasight.io/reports/spsp26#q-identity-19_a
2026-045_identity_19_a,5,Strongly agree,0.3617705973975055,36.18,169.28603559134405,169,false,https://reports.verasight.io/reports/spsp26#q-identity-19_a
2026-045_identity_19_b,1,Strongly disagree,0.03930242541441457,3.93,20.91134599725465,17,false,https://reports.verasight.io/reports/spsp26#q-identity-19_b
2026-045_identity_19_b,2,Disagree,0.09226599579296997,9.23,49.091274685058174,51,false,https://reports.verasight.io/reports/spsp26#q-identity-19_b
2026-045_identity_19_b,3,Neither disagree nor agree,0.26005889944433613,26.01,138.36758338968207,124,false,https://reports.verasight.io/reports/spsp26#q-identity-19_b
2026-045_identity_19_b,4,Agree,0.4919356022126399,49.19,261.7404772801494,274,false,https://reports.verasight.io/reports/spsp26#q-identity-19_b
2026-045_identity_19_b,5,Strongly agree,0.11643707713563949,11.64,61.9518002061872,60,false,https://reports.verasight.io/reports/spsp26#q-identity-19_b
2026-045_identity_1_a,1,Much less motivated than me,0.020372610835109897,2.04,9.533108958358913,8,false,https://reports.verasight.io/reports/spsp26#q-identity-1_a
2026-045_identity_1_a,2,Less motivated than me,0.03069122297277501,3.07,14.361574715819875,13,false,https://reports.verasight.io/reports/spsp26#q-identity-1_a
2026-045_identity_1_a,3,Slightly less motivated than me,0.02428362261180747,2.43,11.363218103742867,10,false,https://reports.verasight.io/reports/spsp26#q-identity-1_a
2026-045_identity_1_a,4,About as motivated as me,0.4404980081096642,44.05,206.12554479332863,216,false,https://reports.verasight.io/reports/spsp26#q-identity-1_a
2026-045_identity_1_a,5,Slightly more motivated than me,0.2297246235499905,22.97,107.4967702689261,111,false,https://reports.verasight.io/reports/spsp26#q-identity-1_a
2026-045_identity_1_a,6,More motivated than me,0.16909692956700798,16.91,79.12679759768916,84,false,https://reports.verasight.io/reports/spsp26#q-identity-1_a
2026-045_identity_1_a,7,Much more motivated than me,0.08533298235364482,8.53,39.93050400379016,32,false,https://reports.verasight.io/reports/spsp26#q-identity-1_a
2026-045_identity_1_b,1,Much less motivated than me,0.06389017733767065,6.39,33.993566301482915,32,false,https://reports.verasight.io/reports/spsp26#q-identity-1_b
2026-045_identity_1_b,2,Less motivated than me,0.06416112314877458,6.42,34.13772640210671,36,false,https://reports.verasight.io/reports/spsp26#q-identity-1_b
2026-045_identity_1_b,3,Slightly less motivated than me,0.08901340217769069,8.9,47.36069165461189,45,false,https://reports.verasight.io/reports/spsp26#q-identity-1_b
2026-045_identity_1_b,4,About as motivated as me,0.4831562029501961,48.32,257.0692883219822,267,false,https://reports.verasight.io/reports/spsp26#q-identity-1_b
2026-045_identity_1_b,5,Slightly more motivated than me,0.1516306303103563,15.16,80.67696944318213,78,false,https://reports.verasight.io/reports/spsp26#q-identity-1_b
2026-045_identity_1_b,6,More motivated than me,0.09450045932655848,9.45,50.28014889769088,43,false,https://reports.verasight.io/reports/spsp26#q-identity-1_b
2026-045_identity_1_b,7,Much more motivated than me,0.05364800474875318,5.36,28.544090537274766,25,false,https://reports.verasight.io/reports/spsp26#q-identity-1_b
2026-045_identity_20,1,1 - Not very true of me,0.019595002335029033,1.96,19.595002335028784,22,false,https://reports.verasight.io/reports/spsp26#q-identity-20
2026-045_identity_20,2,2,0.051949769150127015,5.19,51.94976915012635,51,false,https://reports.verasight.io/reports/spsp26#q-identity-20
2026-045_identity_20,3,3,0.21760085611457303,21.76,217.60085611457026,200,false,https://reports.verasight.io/reports/spsp26#q-identity-20
2026-045_identity_20,4,4,0.3102360432366373,31.02,310.23604323663335,313,false,https://reports.verasight.io/reports/spsp26#q-identity-20
2026-045_identity_20,5,5 - Very true of me,0.40061832916363355,40.06,400.61832916362846,414,false,https://reports.verasight.io/reports/spsp26#q-identity-20
2026-045_identity_21,1,"I think I would miss the taste of animal products (e.g. meat, cheese, milk, eggs, etc.)",0.4731744165707364,47.32,473.1744165707304,485,false,https://reports.verasight.io/reports/spsp26#q-identity-21
2026-045_identity_21,2,I think it would be hard to get the right nutrition,0.1258389114063083,12.58,125.83891140630669,131,false,https://reports.verasight.io/reports/spsp26#q-identity-21
2026-045_identity_21,3,I think it would be too expensive,0.12065088109425369,12.07,120.65088109425216,117,false,https://reports.verasight.io/reports/spsp26#q-identity-21
2026-045_identity_21,4,I think I would be too much work,0.08453767176319461,8.45,84.53767176319354,90,false,https://reports.verasight.io/reports/spsp26#q-identity-21
2026-045_identity_21,5,I think it would be hard to eat with my friends and family,0.08997415707845885,9.0,89.97415707845771,85,false,https://reports.verasight.io/reports/spsp26#q-identity-21
2026-045_identity_21,6,I think it would go against my identity and/or culture,0.06755998082839682,6.76,67.55998082839595,59,false,https://reports.verasight.io/reports/spsp26#q-identity-21
2026-045_identity_21,7,N/A - I already eat a fully plant-based diet,0.03826398125865124,3.83,38.26398125865075,33,false,https://reports.verasight.io/reports/spsp26#q-identity-21
2026-045_identity_22,1,Never,0.128839111629403,12.88,128.83911162940137,122,false,https://reports.verasight.io/reports/spsp26#q-identity-22
2026-045_identity_22,2,Hardly ever,0.2860089170168898,28.6,286.00891701688613,297,false,https://reports.verasight.io/reports/spsp26#q-identity-22
2026-045_identity_22,3,Occasionally,0.2863488863995456,28.63,286.3488863995419,282,false,https://reports.verasight.io/reports/spsp26#q-identity-22
2026-045_identity_22,4,Some of the time,0.17618947566612783,17.62,176.1894756661256,175,false,https://reports.verasight.io/reports/spsp26#q-identity-22
2026-045_identity_22,5,Often/always,0.12261360928803373,12.26,122.61360928803218,124,false,https://reports.verasight.io/reports/spsp26#q-identity-22
2026-045_identity_23,1,Never,0.03248179271179026,3.25,32.48179271178985,28,false,https://reports.verasight.io/reports/spsp26#q-identity-23
2026-045_identity_23,2,Sometimes,0.5119505633700445,51.2,511.950563370038,502,false,https://reports.verasight.io/reports/spsp26#q-identity-23
2026-045_identity_23,3,Always,0.4555676439181651,45.56,455.5676439181593,470,false,https://reports.verasight.io/reports/spsp26#q-identity-23
2026-045_identity_24,1,Yes,0.38085915702014944,38.09,380.8591570201446,387,false,https://reports.verasight.io/reports/spsp26#q-identity-24
2026-045_identity_24,2,No,0.2847302121733852,28.47,284.7302121733816,275,false,https://reports.verasight.io/reports/spsp26#q-identity-24
2026-045_identity_24,3,I do not have a pet,0.33441063080646527,33.44,334.41063080646103,338,false,https://reports.verasight.io/reports/spsp26#q-identity-24
2026-045_identity_25,1,Strongly disagree,0.04066478109014095,4.07,40.66478109014043,39,false,https://reports.verasight.io/reports/spsp26#q-identity-25
2026-045_identity_25,2,Disagree,0.057071929994122576,5.71,57.07192999412185,60,false,https://reports.verasight.io/reports/spsp26#q-identity-25
2026-045_identity_25,3,Slightly disagree,0.058726153435223104,5.87,58.72615343522236,67,false,https://reports.verasight.io/reports/spsp26#q-identity-25
2026-045_identity_25,4,Neither agree nor disagree,0.3565231381531221,35.65,356.52313815311754,360,false,https://reports.verasight.io/reports/spsp26#q-identity-25
2026-045_identity_25,5,Slightly agree,0.24358305939911717,24.36,243.58305939911406,238,false,https://reports.verasight.io/reports/spsp26#q-identity-25
2026-045_identity_25,6,Agree,0.18717270642461792,18.72,187.17270642461554,184,false,https://reports.verasight.io/reports/spsp26#q-identity-25
2026-045_identity_25,7,Strongly agree,0.05625823150365612,5.63,56.25823150365541,52,false,https://reports.verasight.io/reports/spsp26#q-identity-25
2026-045_identity_26_a,1,"Not at all, my attractiveness is always the same",0.2541347158374934,25.41,118.91916827887202,111,false,https://reports.verasight.io/reports/spsp26#q-identity-26_a
2026-045_identity_26_a,2,My attractiveness varies slightly day to day,0.22913495344099277,22.91,107.22084150142248,114,false,https://reports.verasight.io/reports/spsp26#q-identity-26_a
2026-045_identity_26_a,3,My attractiveness varies somewhat day to day,0.2826867176481294,28.27,132.2797211526827,139,false,https://reports.verasight.io/reports/spsp26#q-identity-26_a
2026-045_identity_26_a,4,My attractiveness varies quite a bit day to day,0.15354302575369033,15.35,71.8485424452051,76,false,https://reports.verasight.io/reports/spsp26#q-identity-26_a
2026-045_identity_26_a,5,My attractiveness varies extremely day to day,0.08050058731969399,8.05,37.669245063473426,34,false,https://reports.verasight.io/reports/spsp26#q-identity-26_a
2026-045_identity_26_b,1,"Not at all, my attractiveness is always the same",0.21536662497733322,21.54,114.58850093028245,110,false,https://reports.verasight.io/reports/spsp26#q-identity-26_b
2026-045_identity_26_b,2,My attractiveness varies slightly day to day,0.19880870586651686,19.88,105.77865339873937,112,false,https://reports.verasight.io/reports/spsp26#q-identity-26_b
2026-045_identity_26_b,3,My attractiveness varies somewhat day to day,0.367812449000418,36.78,195.69920436320962,193,false,https://reports.verasight.io/reports/spsp26#q-identity-26_b
2026-045_identity_26_b,4,My attractiveness varies quite a bit day to day,0.15088289024776916,15.09,80.27912500992143,76,false,https://reports.verasight.io/reports/spsp26#q-identity-26_b
2026-045_identity_26_b,5,My attractiveness varies extremely day to day,0.06712932990796282,6.71,35.716997856178615,35,false,https://reports.verasight.io/reports/spsp26#q-identity-26_b
2026-045_identity_27_a,1,Much more important,0.16450908771811745,16.45,76.97997426791655,78,false,https://reports.verasight.io/reports/spsp26#q-identity-27_a
2026-045_identity_27_a,2,More important,0.18704334946022164,18.7,87.52460078743152,93,false,https://reports.verasight.io/reports/spsp26#q-identity-27_a
2026-045_identity_27_a,3,Equally important,0.37322673454492516,37.32,174.64679197903487,172,false,https://reports.verasight.io/reports/spsp26#q-identity-27_a
2026-045_identity_27_a,4,Less important,0.17123147095159885,17.12,80.12562959620563,80,false,https://reports.verasight.io/reports/spsp26#q-identity-27_a
2026-045_identity_27_a,5,Much less important,0.10398935732513684,10.4,48.66052181106715,51,false,https://reports.verasight.io/reports/spsp26#q-identity-27_a
2026-045_identity_27_b,1,Much more important,0.1172814358028864,11.73,62.40105177400788,51,false,https://reports.verasight.io/reports/spsp26#q-identity-27_b
2026-045_identity_27_b,2,More important,0.15869271425790174,15.87,84.43443935328641,81,false,https://reports.verasight.io/reports/spsp26#q-identity-27_b
2026-045_identity_27_b,3,Equally important,0.470821333298029,47.08,250.50636696515159,248,false,https://reports.verasight.io/reports/spsp26#q-identity-27_b
2026-045_identity_27_b,4,Less important,0.17659944801966626,17.66,93.96194055517519,103,false,https://reports.verasight.io/reports/spsp26#q-identity-27_b
2026-045_identity_27_b,5,Much less important,0.07660506862151667,7.66,40.75868291071043,43,false,https://reports.verasight.io/reports/spsp26#q-identity-27_b
2026-045_identity_28,1,Not at all,0.09300823665746054,9.3,93.00823665745935,97,false,https://reports.verasight.io/reports/spsp26#q-identity-28
2026-045_identity_28,2,A little,0.15143634589203364,15.14,151.4363458920317,155,false,https://reports.verasight.io/reports/spsp26#q-identity-28
2026-045_identity_28,3,Somewhat,0.2720052413713397,27.2,272.00524137133624,266,false,https://reports.verasight.io/reports/spsp26#q-identity-28
2026-045_identity_28,4,Very much,0.26771065152832146,26.77,267.71065152831807,273,false,https://reports.verasight.io/reports/spsp26#q-identity-28
2026-045_identity_28,5,Completely,0.18393607831940076,18.39,183.9360783193984,182,false,https://reports.verasight.io/reports/spsp26#q-identity-28
2026-045_identity_28,6,Unsure,0.03190344623144381,3.19,31.903446231443407,27,false,https://reports.verasight.io/reports/spsp26#q-identity-28
2026-045_identity_29,1,"No, I am raising or have raised children",0.5924332509480604,59.24,592.4332509480529,630,false,https://reports.verasight.io/reports/spsp26#q-identity-29
2026-045_identity_29,2,"No, I want to have children someday",0.09617653013862418,9.62,96.17653013862295,74,false,https://reports.verasight.io/reports/spsp26#q-identity-29
2026-045_identity_29,3,"No, I am unsure if I want to have children someday",0.0772252112937593,7.72,77.2252112937583,64,false,https://reports.verasight.io/reports/spsp26#q-identity-29
2026-045_identity_29,4,"Yes, I am not or have not raised children, and I do not want children in the future",0.23416500761955608,23.42,234.1650076195531,232,false,https://reports.verasight.io/reports/spsp26#q-identity-29
2026-045_identity_2_a,1,My moral beliefs and actions,0.40173452524107284,40.17,187.98665681364434,191,false,https://reports.verasight.io/reports/spsp26#q-identity-2_a
2026-045_identity_2_a,2,My memories,0.11286098942205072,11.29,52.811891319024376,52,false,https://reports.verasight.io/reports/spsp26#q-identity-2_a
2026-045_identity_2_a,3,The way I experience the world,0.12666617435270736,12.67,59.271855297103976,63,false,https://reports.verasight.io/reports/spsp26#q-identity-2_a
2026-045_identity_2_a,4,My desires and goals,0.13542032986437247,13.54,63.36825310328489,58,false,https://reports.verasight.io/reports/spsp26#q-identity-2_a
2026-045_identity_2_a,5,The parts of me that are unique,0.1603391694859334,16.03,75.02871307824373,78,false,https://reports.verasight.io/reports/spsp26#q-identity-2_a
2026-045_identity_2_a,6,Something else,0.06297881163386312,6.3,29.47014883035439,32,false,https://reports.verasight.io/reports/spsp26#q-identity-2_a
2026-045_identity_2_b,1,My moral beliefs and actions,0.4238263957518859,42.38,225.50212387367188,228,false,https://reports.verasight.io/reports/spsp26#q-identity-2_b
2026-045_identity_2_b,2,My memories,0.12638830531668493,12.64,67.24647536674745,65,false,https://reports.verasight.io/reports/spsp26#q-identity-2_b
2026-045_identity_2_b,3,The way I experience the world,0.15349144848577637,15.35,81.66704097932497,77,false,https://reports.verasight.io/reports/spsp26#q-identity-2_b
2026-045_identity_2_b,4,My desires and goals,0.12186966283519891,12.19,64.8422752347731,58,false,https://reports.verasight.io/reports/spsp26#q-identity-2_b
2026-045_identity_2_b,5,The parts of me that are unique,0.13452038427206947,13.45,71.57324947597762,76,false,https://reports.verasight.io/reports/spsp26#q-identity-2_b
2026-045_identity_2_b,6,Something else,0.039903803338384454,3.99,21.231316627836463,22,false,https://reports.verasight.io/reports/spsp26#q-identity-2_b
2026-045_identity_30,1,1 - Not at all true,0.12807686728428938,12.81,128.07686728428774,137,false,https://reports.verasight.io/reports/spsp26#q-identity-30
2026-045_identity_30,2,2,0.08573000970979756,8.57,85.73000970979648,91,false,https://reports.verasight.io/reports/spsp26#q-identity-30
2026-045_identity_30,3,3,0.06853544790177728,6.85,68.53544790177641,66,false,https://reports.verasight.io/reports/spsp26#q-identity-30
2026-045_identity_30,4,4 - Neither true nor untrue,0.396093015122876,39.61,396.09301512287095,386,false,https://reports.verasight.io/reports/spsp26#q-identity-30
2026-045_identity_30,5,5,0.20348264211274603,20.35,203.48264211274343,208,false,https://reports.verasight.io/reports/spsp26#q-identity-30
2026-045_identity_30,6,6,0.0597165676907125,5.97,59.71656769071174,56,false,https://reports.verasight.io/reports/spsp26#q-identity-30
2026-045_identity_30,7,7 - Very true,0.05836545017780123,5.84,58.36545017780049,56,false,https://reports.verasight.io/reports/spsp26#q-identity-30
2026-045_identity_31_a,1,Not important at all,0.08200011463225082,8.2,38.370930152946755,41,false,https://reports.verasight.io/reports/spsp26#q-identity-31_a
2026-045_identity_31_a,2,Slightly important,0.15687477387762705,15.69,73.40759239439268,76,false,https://reports.verasight.io/reports/spsp26#q-identity-31_a
2026-045_identity_31_a,3,Moderately important,0.38652945198093186,38.65,180.8716325645704,183,false,https://reports.verasight.io/reports/spsp26#q-identity-31_a
2026-045_identity_31_a,4,Very important,0.2796686195001506,27.97,130.86743979490413,130,false,https://reports.verasight.io/reports/spsp26#q-identity-31_a
2026-045_identity_31_a,5,Extremely important,0.09492704000903958,9.49,44.41992353484175,44,false,https://reports.verasight.io/reports/spsp26#q-identity-31_a
2026-045_identity_31_b,1,Not important at all,0.03937555187435573,3.94,20.950253842998517,23,false,https://reports.verasight.io/reports/spsp26#q-identity-31_b
2026-045_identity_31_b,2,Slightly important,0.14046649813547646,14.05,74.73695357377035,72,false,https://reports.verasight.io/reports/spsp26#q-identity-31_b
2026-045_identity_31_b,3,Moderately important,0.39721364257379194,39.72,211.34247637663583,209,false,https://reports.verasight.io/reports/spsp26#q-identity-31_b
2026-045_identity_31_b,4,Very important,0.3237201421644447,32.37,172.23934217043032,169,false,https://reports.verasight.io/reports/spsp26#q-identity-31_b
2026-045_identity_31_b,5,Extremely important,0.09922416525193116,9.92,52.79345559449646,53,false,https://reports.verasight.io/reports/spsp26#q-identity-31_b
2026-045_identity_33,1,Racial identity,0.520559882626254,52.06,520.5598826262474,518,false,https://reports.verasight.io/reports/spsp26#q-identity-33
2026-045_identity_33,2,Sexual orientation,0.2916769008473262,29.17,291.6769008473225,283,false,https://reports.verasight.io/reports/spsp26#q-identity-33
2026-045_identity_33,3,Gender identity,0.18776321652641975,18.78,187.76321652641735,199,false,https://reports.verasight.io/reports/spsp26#q-identity-33
2026-045_identity_34,1,Strongly disagree,0.03340190262285048,3.34,33.40190262285005,33,false,https://reports.verasight.io/reports/spsp26#q-identity-34
2026-045_identity_34,2,Disagree,0.05181307796046128,5.18,51.81307796046062,49,false,https://reports.verasight.io/reports/spsp26#q-identity-34
2026-045_identity_34,3,Somewhat disagree,0.07050055060719784,7.05,70.50055060719694,72,false,https://reports.verasight.io/reports/spsp26#q-identity-34
2026-045_identity_34,4,Neither agree nor disagree,0.1088886941817509,10.89,108.88869418174951,104,false,https://reports.verasight.io/reports/spsp26#q-identity-34
2026-045_identity_34,5,Somewhat agree,0.20127266228858773,20.13,201.27266228858517,202,false,https://reports.verasight.io/reports/spsp26#q-identity-34
2026-045_identity_34,6,Agree,0.33740689817872466,33.74,337.4068981787204,348,false,https://reports.verasight.io/reports/spsp26#q-identity-34
2026-045_identity_34,7,Strongly agree,0.19671621416042703,19.67,196.71621416042453,192,false,https://reports.verasight.io/reports/spsp26#q-identity-34
2026-045_identity_35,1,1 - Not at all true,0.2572532457444471,25.73,257.2532457444438,273,false,https://reports.verasight.io/reports/spsp26#q-identity-35
2026-045_identity_35,2,2,0.18888437133278577,18.89,188.88437133278336,205,false,https://reports.verasight.io/reports/spsp26#q-identity-35
2026-045_identity_35,3,3,0.11176224775840343,11.18,111.76224775840201,105,false,https://reports.verasight.io/reports/spsp26#q-identity-35
2026-045_identity_35,4,4,0.20782605247853436,20.78,207.82605247853172,191,false,https://reports.verasight.io/reports/spsp26#q-identity-35
2026-045_identity_35,5,5,0.12065417325178802,12.07,120.65417325178649,122,false,https://reports.verasight.io/reports/spsp26#q-identity-35
2026-045_identity_35,6,6,0.05670753524738692,5.67,56.7075352473862,54,false,https://reports.verasight.io/reports/spsp26#q-identity-35
2026-045_identity_35,7,7 - Very true,0.05691237418665433,5.69,56.91237418665361,50,false,https://reports.verasight.io/reports/spsp26#q-identity-35
2026-045_identity_36_a,1,"Yes, definitely",0.2691158924071663,26.91,125.92942286622105,142,false,https://reports.verasight.io/reports/spsp26#q-identity-36_a
2026-045_identity_36_a,2,"Yes, somewhat",0.2891889879688203,28.92,135.32237739078363,135,false,https://reports.verasight.io/reports/spsp26#q-identity-36_a
2026-045_identity_36_a,3,Maybe,0.2111239712404567,21.11,98.79282718580681,96,false,https://reports.verasight.io/reports/spsp26#q-identity-36_a
2026-045_identity_36_a,4,"No, no at all",0.1768660657612168,17.69,82.76226790884249,80,false,https://reports.verasight.io/reports/spsp26#q-identity-36_a
2026-045_identity_36_a,5,Not sure,0.053705082622339695,5.37,25.130623090001727,21,false,https://reports.verasight.io/reports/spsp26#q-identity-36_a
2026-045_identity_36_b,1,"Yes, definitely",0.10726335310083279,10.73,57.07080583109664,51,false,https://reports.verasight.io/reports/spsp26#q-identity-36_b
2026-045_identity_36_b,2,"Yes, somewhat",0.18921105776354571,18.92,100.67210493194892,102,false,https://reports.verasight.io/reports/spsp26#q-identity-36_b
2026-045_identity_36_b,3,Maybe,0.2938456409880367,29.38,156.34424093919338,160,false,https://reports.verasight.io/reports/spsp26#q-identity-36_b
2026-045_identity_36_b,4,"No, no at all",0.3111132279213742,31.11,165.53167609346912,167,false,https://reports.verasight.io/reports/spsp26#q-identity-36_b
2026-045_identity_36_b,5,Not sure,0.09856672022621062,9.86,52.443653762623406,46,false,https://reports.verasight.io/reports/spsp26#q-identity-36_b
2026-045_identity_37,1,Never,0.17377090751447033,17.38,173.77090751446812,169,false,https://reports.verasight.io/reports/spsp26#q-identity-37
2026-045_identity_37,2,Hardly ever,0.27515658301370594,27.52,275.15658301370246,282,false,https://reports.verasight.io/reports/spsp26#q-identity-37
2026-045_identity_37,3,Some of the time,0.24429237190451422,24.43,244.2923719045111,244,false,https://reports.verasight.io/reports/spsp26#q-identity-37
2026-045_identity_37,4,Often,0.12909691205762475,12.91,129.09691205762311,127,false,https://reports.verasight.io/reports/spsp26#q-identity-37
2026-045_identity_37,5,Very often,0.1730212658662441,17.3,173.02126586624192,173,false,https://reports.verasight.io/reports/spsp26#q-identity-37
2026-045_identity_37,6,Prefer not to say,0.004661959643440517,0.47,4.661959643440458,5,false,https://reports.verasight.io/reports/spsp26#q-identity-37
2026-045_identity_38_a,1,Very easy,0.12701880343435804,12.7,59.436863674501964,68,false,https://reports.verasight.io/reports/spsp26#q-identity-38_a
2026-045_identity_38_a,2,Somewhat easy,0.30893757363251084,30.89,144.56348155898343,146,false,https://reports.verasight.io/reports/spsp26#q-identity-38_a
2026-045_identity_38_a,3,Neither easy nor hard,0.25400601158472663,25.4,118.85894273021945,117,false,https://reports.verasight.io/reports/spsp26#q-identity-38_a
2026-045_identity_38_a,4,Somewhat hard,0.21765468860982065,21.77,101.84879486527079,103,false,https://reports.verasight.io/reports/spsp26#q-identity-38_a
2026-045_identity_38_a,5,Very hard,0.0923829227385837,9.24,43.22943561268007,40,false,https://reports.verasight.io/reports/spsp26#q-identity-38_a
2026-045_identity_38_b,1,Very easy,0.10359236708599859,10.36,55.11761190227803,54,false,https://reports.verasight.io/reports/spsp26#q-identity-38_b
2026-045_identity_38_b,2,Somewhat easy,0.20911978812080956,20.91,111.26479341051042,113,false,https://reports.verasight.io/reports/spsp26#q-identity-38_b
2026-045_identity_38_b,3,Neither easy nor hard,0.3203186868407749,32.03,170.42955541000876,167,false,https://reports.verasight.io/reports/spsp26#q-identity-38_b
2026-045_identity_38_b,4,Somewhat hard,0.24857916609631306,24.86,132.25964797690497,131,false,https://reports.verasight.io/reports/spsp26#q-identity-38_b
2026-045_identity_38_b,5,Very hard,0.11838999185610391,11.84,62.990872858629295,61,false,https://reports.verasight.io/reports/spsp26#q-identity-38_b
2026-045_identity_39,1,Very dissatisfied,0.05571241507895405,5.57,55.71241507895334,54,false,https://reports.verasight.io/reports/spsp26#q-identity-39
2026-045_identity_39,2,Dissatisfied,0.07513767022923018,7.51,75.13767022922923,76,false,https://reports.verasight.io/reports/spsp26#q-identity-39
2026-045_identity_39,3,Slightly dissatisfied,0.09037262170986722,9.04,90.37262170986607,92,false,https://reports.verasight.io/reports/spsp26#q-identity-39
2026-045_identity_39,4,Neither satisfied nor dissatisfied,0.11748483281407622,11.75,117.48483281407472,107,false,https://reports.verasight.io/reports/spsp26#q-identity-39
2026-045_identity_39,5,Slightly satisfied,0.20083866414950982,20.08,200.83866414950725,196,false,https://reports.verasight.io/reports/spsp26#q-identity-39
2026-045_identity_39,6,Satisfied,0.30867510528482445,30.87,308.6751052848205,328,false,https://reports.verasight.io/reports/spsp26#q-identity-39
2026-045_identity_39,7,Very satisfied,0.151778690733538,15.18,151.77869073353608,147,false,https://reports.verasight.io/reports/spsp26#q-identity-39
2026-045_identity_3_a,1,Not at all,0.032915856830238906,3.29,15.402564362522819,15,false,https://reports.verasight.io/reports/spsp26#q-identity-3_a
2026-045_identity_3_a,2,It rarely matters,0.033911507762897954,3.39,15.868466789185412,18,false,https://reports.verasight.io/reports/spsp26#q-identity-3_a
2026-045_identity_3_a,3,It matters somewhat,0.3157802197921856,31.58,147.76541242251596,153,false,https://reports.verasight.io/reports/spsp26#q-identity-3_a
2026-045_identity_3_a,4,It matters significantly,0.5596503934667401,55.97,261.8814163137226,264,false,https://reports.verasight.io/reports/spsp26#q-identity-3_a
2026-045_identity_3_a,5,It's the only thing that matters,0.057742022147937375,5.77,27.01965855370894,24,false,https://reports.verasight.io/reports/spsp26#q-identity-3_a
2026-045_identity_3_b,1,Not at all,0.08978120327152439,8.98,47.76920980994025,41,false,https://reports.verasight.io/reports/spsp26#q-identity-3_b
2026-045_identity_3_b,2,It rarely matters,0.11876279002497935,11.88,63.18922477748156,61,false,https://reports.verasight.io/reports/spsp26#q-identity-3_b
2026-045_identity_3_b,3,It matters somewhat,0.44549986326054675,44.55,237.03376278030385,238,false,https://reports.verasight.io/reports/spsp26#q-identity-3_b
2026-045_identity_3_b,4,It matters significantly,0.31595345843971917,31.6,168.10698115437413,171,false,https://reports.verasight.io/reports/spsp26#q-identity-3_b
2026-045_identity_3_b,5,It's the only thing that matters,0.030002685003230417,3.0,15.96330303623171,15,false,https://reports.verasight.io/reports/spsp26#q-identity-3_b
2026-045_identity_4,1,Not at all,0.11611061736119568,11.61,116.1106173611942,114,false,https://reports.verasight.io/reports/spsp26#q-identity-4
2026-045_identity_4,2,Very little,0.11564676021324975,11.56,115.64676021324829,111,false,https://reports.verasight.io/reports/spsp26#q-identity-4
2026-045_identity_4,3,A little,0.1553203782910357,15.53,155.32037829103373,154,false,https://reports.verasight.io/reports/spsp26#q-identity-4
2026-045_identity_4,4,Somewhat,0.24460300517491668,24.46,244.60300517491356,248,false,https://reports.verasight.io/reports/spsp26#q-identity-4
2026-045_identity_4,5,Moderately,0.18651131889444925,18.65,186.51131889444687,181,false,https://reports.verasight.io/reports/spsp26#q-identity-4
2026-045_identity_4,6,Quite a bit,0.12917931871243507,12.92,129.17931871243343,142,false,https://reports.verasight.io/reports/spsp26#q-identity-4
2026-045_identity_4,7,A great deal,0.052628601352717796,5.26,52.628601352717126,50,false,https://reports.verasight.io/reports/spsp26#q-identity-4
2026-045_identity_5,1,Never,0.05115181057732953,5.12,51.15181057732888,47,false,https://reports.verasight.io/reports/spsp26#q-identity-5
2026-045_identity_5,2,Rarely,0.14917891688641108,14.92,149.17891688640918,152,false,https://reports.verasight.io/reports/spsp26#q-identity-5
2026-045_identity_5,3,Occasionally,0.20508244010387458,20.51,205.08244010387196,198,false,https://reports.verasight.io/reports/spsp26#q-identity-5
2026-045_identity_5,4,Sometimes,0.32015291258983475,32.02,320.1529125898307,328,false,https://reports.verasight.io/reports/spsp26#q-identity-5
2026-045_identity_5,5,Often,0.1833456164974755,18.33,183.34561649747317,186,false,https://reports.verasight.io/reports/spsp26#q-identity-5
2026-045_identity_5,6,Very often,0.06798421941175378,6.8,67.98421941175292,68,false,https://reports.verasight.io/reports/spsp26#q-identity-5
2026-045_identity_5,7,Almost always,0.02310408393332069,2.31,23.104083933320396,21,false,https://reports.verasight.io/reports/spsp26#q-identity-5
2026-045_identity_6_a,1,Much less motivated than I am,0.005144585564018945,0.51,2.4073446022377913,3,false,https://reports.verasight.io/reports/spsp26#q-identity-6_a
2026-045_identity_6_a,2,Less motivated than I am,0.03031606528529852,3.03,14.186024358517816,15,false,https://reports.verasight.io/reports/spsp26#q-identity-6_a
2026-045_identity_6_a,3,Slightly less motivated than I am,0.0814318774952899,8.14,38.105030677190875,40,false,https://reports.verasight.io/reports/spsp26#q-identity-6_a
2026-045_identity_6_a,4,About as motivated as I am,0.7703322147714722,77.03,360.4673449558273,368,false,https://reports.verasight.io/reports/spsp26#q-identity-6_a
2026-045_identity_6_a,5,Slightly more motivated than I am,0.05681307596659498,5.68,26.58496978284573,25,false,https://reports.verasight.io/reports/spsp26#q-identity-6_a
2026-045_identity_6_a,6,More motivated than I am,0.03972350066586439,3.97,18.588116325400044,15,false,https://reports.verasight.io/reports/spsp26#q-identity-6_a
2026-045_identity_6_a,7,Much more motivated than I am,0.01623868025146096,1.62,7.598687739636165,8,false,https://reports.verasight.io/reports/spsp26#q-identity-6_a
2026-045_identity_6_b,1,Much less motivated than I am,0.01603214185906459,1.6,8.530101182229107,6,false,https://reports.verasight.io/reports/spsp26#q-identity-6_b
2026-045_identity_6_b,2,Less motivated than I am,0.010006898166403246,1.0,5.324295071118028,5,false,https://reports.verasight.io/reports/spsp26#q-identity-6_b
2026-045_identity_6_b,3,Slightly less motivated than I am,0.04802520375982147,4.8,25.552409089795123,26,false,https://reports.verasight.io/reports/spsp26#q-identity-6_b
2026-045_identity_6_b,4,About as motivated as I am,0.39084610885135546,39.08,207.95455058286993,205,false,https://reports.verasight.io/reports/spsp26#q-identity-6_b
2026-045_identity_6_b,5,Slightly more motivated than I am,0.2794702711138617,27.95,148.69564597062092,142,false,https://reports.verasight.io/reports/spsp26#q-identity-6_b
2026-045_identity_6_b,6,More motivated than I am,0.23302255213440584,23.3,123.98255734768763,130,false,https://reports.verasight.io/reports/spsp26#q-identity-6_b
2026-045_identity_6_b,7,Much more motivated than I am,0.02259682411508776,2.26,12.02292231401074,12,false,https://reports.verasight.io/reports/spsp26#q-identity-6_b
2026-045_identity_7_a,1,Not at all,0.09272892060316956,9.27,43.39134099482049,48,false,https://reports.verasight.io/reports/spsp26#q-identity-7_a
2026-045_identity_7_a,2,Very little,0.10246377976576265,10.25,47.946646833743316,50,false,https://reports.verasight.io/reports/spsp26#q-identity-7_a
2026-045_identity_7_a,3,A little,0.14967503626326056,14.97,70.03856504169498,65,false,https://reports.verasight.io/reports/spsp26#q-identity-7_a
2026-045_identity_7_a,4,Somewhat,0.32226665367913,32.23,150.80065819910857,152,false,https://reports.verasight.io/reports/spsp26#q-identity-7_a
2026-045_identity_7_a,5,Moderately,0.17353266318116098,17.35,81.20244377756416,83,false,https://reports.verasight.io/reports/spsp26#q-identity-7_a
2026-045_identity_7_a,6,A lot,0.10197178248418019,10.2,47.71642284671958,50,false,https://reports.verasight.io/reports/spsp26#q-identity-7_a
2026-045_identity_7_a,7,A great deal,0.05736116402333598,5.74,26.84144074800462,26,false,https://reports.verasight.io/reports/spsp26#q-identity-7_a
2026-045_identity_7_b,1,Not at all,0.1345402640593248,13.45,71.58382676491755,72,false,https://reports.verasight.io/reports/spsp26#q-identity-7_b
2026-045_identity_7_b,2,Very little,0.0824023849554481,8.24,43.84321742572064,48,false,https://reports.verasight.io/reports/spsp26#q-identity-7_b
2026-045_identity_7_b,3,A little,0.130517896149665,13.05,69.44367571316336,70,false,https://reports.verasight.io/reports/spsp26#q-identity-7_b
2026-045_identity_7_b,4,Somewhat,0.27641460011120034,27.64,147.0698380741191,155,false,https://reports.verasight.io/reports/spsp26#q-identity-7_b
2026-045_identity_7_b,5,Moderately,0.17833416571753974,17.83,94.88491875830891,90,false,https://reports.verasight.io/reports/spsp26#q-identity-7_b
2026-045_identity_7_b,6,A lot,0.12492015527373711,12.49,66.46532781159665,61,false,https://reports.verasight.io/reports/spsp26#q-identity-7_b
2026-045_identity_7_b,7,A great deal,0.07287053373308493,7.29,38.77167701050527,30,false,https://reports.verasight.io/reports/spsp26#q-identity-7_b
2026-045_identity_8_a,1,Strongly disagree,0.028740255690600083,2.87,13.448643927238079,10,false,https://reports.verasight.io/reports/spsp26#q-identity-8_a
2026-045_identity_8_a,2,Disagree,0.053817810050783586,5.38,25.18337248312807,29,false,https://reports.verasight.io/reports/spsp26#q-identity-8_a
2026-045_identity_8_a,3,Somewhat disagree,0.11605825735842198,11.61,54.30801294296302,58,false,https://reports.verasight.io/reports/spsp26#q-identity-8_a
2026-045_identity_8_a,4,Neither,0.19112090159588568,19.11,89.43264041511063,89,false,https://reports.verasight.io/reports/spsp26#q-identity-8_a
2026-045_identity_8_a,5,Somewhat agree,0.31617978844484373,31.62,147.95238558628787,154,false,https://reports.verasight.io/reports/spsp26#q-identity-8_a
2026-045_identity_8_a,6,Agree,0.2095569658121438,20.96,98.05956655429746,98,false,https://reports.verasight.io/reports/spsp26#q-identity-8_a
2026-045_identity_8_a,7,Strongly agree,0.0845260210473211,8.45,39.5528965326306,36,false,https://reports.verasight.io/reports/spsp26#q-identity-8_a
2026-045_identity_8_b,1,Strongly disagree,0.03449487121533324,3.45,18.35342677986526,17,false,https://reports.verasight.io/reports/spsp26#q-identity-8_b
2026-045_identity_8_b,2,Disagree,0.057988141958329825,5.8,30.853314711305767,29,false,https://reports.verasight.io/reports/spsp26#q-identity-8_b
2026-045_identity_8_b,3,Somewhat disagree,0.06714868178314325,6.71,35.72729426290992,40,false,https://reports.verasight.io/reports/spsp26#q-identity-8_b
2026-045_identity_8_b,4,Neither,0.2115688384264041,21.16,112.56784119356624,102,false,https://reports.verasight.io/reports/spsp26#q-identity-8_b
2026-045_identity_8_b,5,Somewhat agree,0.2564515644195034,25.65,136.44825576455727,142,false,https://reports.verasight.io/reports/spsp26#q-identity-8_b
2026-045_identity_8_b,6,Agree,0.28289773321894945,28.29,150.51926996370108,149,false,https://reports.verasight.io/reports/spsp26#q-identity-8_b
2026-045_identity_8_b,7,Strongly agree,0.08945016897833677,8.95,47.59307888242594,47,false,https://reports.verasight.io/reports/spsp26#q-identity-8_b
2026-045_identity_9,1,Strongly disagree,0.01578993757043891,1.58,15.789937570438708,18,false,https://reports.verasight.io/reports/spsp26#q-identity-9
2026-045_identity_9,2,Disagree,0.0342062707449767,3.42,34.206270744976266,30,false,https://reports.verasight.io/reports/spsp26#q-identity-9
2026-045_identity_9,3,Somewhat disagree,0.028923040823806163,2.89,28.923040823805795,34,false,https://reports.verasight.io/reports/spsp26#q-identity-9
2026-045_identity_9,4,Neither disagree nor agree,0.16378050269491473,16.38,163.78050269491266,149,false,https://reports.verasight.io/reports/spsp26#q-identity-9
2026-045_identity_9,5,Somewhat agree,0.207141602490406,20.71,207.14160249040336,216,false,https://reports.verasight.io/reports/spsp26#q-identity-9
2026-045_identity_9,6,Agree,0.3554037516513758,35.54,355.40375165137124,357,false,https://reports.verasight.io/reports/spsp26#q-identity-9
2026-045_identity_9,7,Strongly agree,0.19475489402408167,19.48,194.7548940240792,196,false,https://reports.verasight.io/reports/spsp26#q-identity-9
2026-045_politics_10,1,0-10%,0.15866210617717028,15.87,158.6621061771675,147,false,https://reports.verasight.io/reports/spsp26#q-politics-10
2026-045_politics_10,2,11-30%,0.08135825766347118,8.14,81.35825766346976,76,false,https://reports.verasight.io/reports/spsp26#q-politics-10
2026-045_politics_10,3,31-50%,0.14649988628947422,14.65,146.49988628947165,133,false,https://reports.verasight.io/reports/spsp26#q-politics-10
2026-045_politics_10,4,51-70%,0.22795782818108054,22.8,227.95782818107654,228,false,https://reports.verasight.io/reports/spsp26#q-politics-10
2026-045_politics_10,5,71-90%,0.228610606069253,22.86,228.61060606924897,240,false,https://reports.verasight.io/reports/spsp26#q-politics-10
2026-045_politics_10,6,91-100%,0.1569113156195509,15.69,156.91131561954816,176,false,https://reports.verasight.io/reports/spsp26#q-politics-10
2026-045_politics_11_a,1,Extremely unlikely,0.4079865461575051,40.8,212.33864899325206,218,false,https://reports.verasight.io/reports/spsp26#q-politics-11_a
2026-045_politics_11_a,2,Somewhat unlikely,0.1332787808573127,13.33,69.36561152137611,65,false,https://reports.verasight.io/reports/spsp26#q-politics-11_a
2026-045_politics_11_a,3,Neither likely nor unlikely,0.24644424064125514,24.64,128.26314397565923,121,false,https://reports.verasight.io/reports/spsp26#q-politics-11_a
2026-045_politics_11_a,4,Somewhat likely,0.12194357081557769,12.19,63.466144470353406,61,false,https://reports.verasight.io/reports/spsp26#q-politics-11_a
2026-045_politics_11_a,5,Extremely likely,0.0613123103410067,6.13,31.91030014856991,27,false,https://reports.verasight.io/reports/spsp26#q-politics-11_a
2026-045_politics_11_a,6,Prefer not to respond,0.02903455118734277,2.9,15.111178129059427,12,false,https://reports.verasight.io/reports/spsp26#q-politics-11_a
2026-045_politics_11_b,1,Extremely unlikely,0.18990301185378783,18.99,91.06703464679184,94,false,https://reports.verasight.io/reports/spsp26#q-politics-11_b
2026-045_politics_11_b,2,Somewhat unlikely,0.12238382252690362,12.24,58.688546840138244,63,false,https://reports.verasight.io/reports/spsp26#q-politics-11_b
2026-045_politics_11_b,3,Neither likely nor unlikely,0.25650876449159604,25.65,123.00748848126294,125,false,https://reports.verasight.io/reports/spsp26#q-politics-11_b
2026-045_politics_11_b,4,Somewhat likely,0.24271710670665364,24.27,116.39376832444387,120,false,https://reports.verasight.io/reports/spsp26#q-politics-11_b
2026-045_politics_11_b,5,Extremely likely,0.17889086235952625,17.89,85.78621371751827,90,false,https://reports.verasight.io/reports/spsp26#q-politics-11_b
2026-045_politics_11_b,6,Prefer not to respond,0.009596432061532533,0.96,4.601920751557242,4,false,https://reports.verasight.io/reports/spsp26#q-politics-11_b
2026-045_politics_12,1,Extremely left-wing,0.058189656657203014,5.82,58.18965665720199,59,false,https://reports.verasight.io/reports/spsp26#q-politics-12
2026-045_politics_12,2,Very left-wing,0.10529458695299983,10.53,105.29458695299799,113,false,https://reports.verasight.io/reports/spsp26#q-politics-12
2026-045_politics_12,3,Moderately left-wing,0.15752448340980982,15.75,157.52448340980706,169,false,https://reports.verasight.io/reports/spsp26#q-politics-12
2026-045_politics_12,4,Neither left- nor right-wing,0.3430004040651185,34.3,343.0004040651125,315,false,https://reports.verasight.io/reports/spsp26#q-politics-12
2026-045_politics_12,5,Moderately right-wing,0.16891175516204546,16.89,168.9117551620425,181,false,https://reports.verasight.io/reports/spsp26#q-politics-12
2026-045_politics_12,6,Very right-wing,0.10781229974669644,10.78,107.81229974669455,113,false,https://reports.verasight.io/reports/spsp26#q-politics-12
2026-045_politics_12,7,Extremely right-wing,0.05926681400612699,5.93,59.26681400612595,50,false,https://reports.verasight.io/reports/spsp26#q-politics-12
2026-045_politics_13,1,Strongly disagree,0.05080120766379008,5.08,50.80120766378919,44,false,https://reports.verasight.io/reports/spsp26#q-politics-13
2026-045_politics_13,2,Somewhat disagree,0.05124874746686687,5.12,51.24874746686597,45,false,https://reports.verasight.io/reports/spsp26#q-politics-13
2026-045_politics_13,3,Neither agree nor disagree,0.2827613164236999,28.28,282.76131642369495,267,false,https://reports.verasight.io/reports/spsp26#q-politics-13
2026-045_politics_13,4,Somewhat agree,0.3450268170378135,34.5,345.02681703780746,350,false,https://reports.verasight.io/reports/spsp26#q-politics-13
2026-045_politics_13,5,Strongly agree,0.2701619114078297,27.02,270.16191140782496,294,false,https://reports.verasight.io/reports/spsp26#q-politics-13
2026-045_politics_14_a,1,Completely disagree,0.2378789151732474,23.79,123.80527727590263,121,false,https://reports.verasight.io/reports/spsp26#q-politics-14_a
2026-045_politics_14_a,2,Disagree,0.12018348232907657,12.02,62.550097569169694,61,false,https://reports.verasight.io/reports/spsp26#q-politics-14_a
2026-045_politics_14_a,3,Somewhat disagree,0.07422668814024017,7.42,38.631652997835275,38,false,https://reports.verasight.io/reports/spsp26#q-politics-14_a
2026-045_politics_14_a,4,Neither agree nor disagree,0.12670414262981952,12.67,65.94380800360437,61,false,https://reports.verasight.io/reports/spsp26#q-politics-14_a
2026-045_politics_14_a,5,Somewhat agree,0.13890030768531111,13.89,72.29136341976269,62,false,https://reports.verasight.io/reports/spsp26#q-politics-14_a
2026-045_politics_14_a,6,Agree,0.1151857482586409,11.52,59.94900174741147,60,false,https://reports.verasight.io/reports/spsp26#q-politics-14_a
2026-045_politics_14_a,7,Completely agree,0.18692071578366448,18.69,97.28382622458403,101,false,https://reports.verasight.io/reports/spsp26#q-politics-14_a
2026-045_politics_14_b,1,Completely disagree,0.197298398308157,19.73,94.61345504261465,107,false,https://reports.verasight.io/reports/spsp26#q-politics-14_b
2026-045_politics_14_b,2,Disagree,0.08163488879626056,8.16,39.147600524208194,37,false,https://reports.verasight.io/reports/spsp26#q-politics-14_b
2026-045_politics_14_b,3,Somewhat disagree,0.05849601322318142,5.85,28.0514690677793,29,false,https://reports.verasight.io/reports/spsp26#q-politics-14_b
2026-045_politics_14_b,4,Neither agree nor disagree,0.12225080052408051,12.23,58.624756807417725,51,false,https://reports.verasight.io/reports/spsp26#q-politics-14_b
2026-045_politics_14_b,5,Somewhat agree,0.12054740796398543,12.05,57.80790346858443,58,false,https://reports.verasight.io/reports/spsp26#q-politics-14_b
2026-045_politics_14_b,6,Agree,0.11494472597875134,11.49,55.12116548858281,59,false,https://reports.verasight.io/reports/spsp26#q-politics-14_b
2026-045_politics_14_b,7,Completely agree,0.30482776520558375,30.48,146.17862236252532,155,false,https://reports.verasight.io/reports/spsp26#q-politics-14_b
2026-045_politics_15,1,Strongly disagree,0.09717817562979104,9.72,97.17817562978934,105,false,https://reports.verasight.io/reports/spsp26#q-politics-15
2026-045_politics_15,2,Disagree,0.09774963293052354,9.77,97.74963293052183,107,false,https://reports.verasight.io/reports/spsp26#q-politics-15
2026-045_politics_15,3,Neither agree nor disagree,0.1951267003090675,19.51,195.1267003090641,177,false,https://reports.verasight.io/reports/spsp26#q-politics-15
2026-045_politics_15,4,Agree,0.2979635452423503,29.8,297.9635452423451,298,false,https://reports.verasight.io/reports/spsp26#q-politics-15
2026-045_politics_15,5,Strongly agree,0.31198194588826766,31.2,311.9819458882622,313,false,https://reports.verasight.io/reports/spsp26#q-politics-15
2026-045_politics_16,1,A leader who makes decisions by themselves without consulting others,0.021396589095208238,2.14,21.39658909520786,19,false,https://reports.verasight.io/reports/spsp26#q-politics-16
2026-045_politics_16,2,A leader who takes everyone's opinion into account when making decisions,0.7603493016544126,76.03,760.3493016543993,785,false,https://reports.verasight.io/reports/spsp26#q-politics-16
2026-045_politics_16,3,A leader who lets the people make decisions for them,0.06178954775704108,6.18,61.78954775704,55,false,https://reports.verasight.io/reports/spsp26#q-politics-16
2026-045_politics_16,4,A leader who takes no ones opinion into account when making decisions,0.0344503062854654,3.45,34.4503062854648,26,false,https://reports.verasight.io/reports/spsp26#q-politics-16
2026-045_politics_16,5,None of the above,0.12201425520787286,12.2,122.01425520787072,115,false,https://reports.verasight.io/reports/spsp26#q-politics-16
2026-045_politics_17_a,1,Do not release onto parole,0.2721019212996307,27.21,141.61681286158492,135,false,https://reports.verasight.io/reports/spsp26#q-politics-17_a
2026-045_politics_17_a,2,Release onto parole,0.7278980787003695,72.79,378.83821437668524,369,false,https://reports.verasight.io/reports/spsp26#q-politics-17_a
2026-045_politics_17_b,1,Do not release onto parole,0.2603155480458219,26.03,124.83301239708392,131,false,https://reports.verasight.io/reports/spsp26#q-politics-17_b
2026-045_politics_17_b,2,Release onto parole,0.7396844519541781,73.97,354.7119603646285,365,false,https://reports.verasight.io/reports/spsp26#q-politics-17_b
2026-045_politics_18,1,High representation of racial minorities,0.08927446871523505,8.93,89.27446871523348,76,false,https://reports.verasight.io/reports/spsp26#q-politics-18
2026-045_politics_18,2,Even representation of all groups,0.4394885811904502,43.95,439.4885811904425,427,false,https://reports.verasight.io/reports/spsp26#q-politics-18
2026-045_politics_18,3,High representation of groups you identify with,0.06451375576597024,6.45,64.51375576596911,52,false,https://reports.verasight.io/reports/spsp26#q-politics-18
2026-045_politics_18,4,Representation of all groups but the percent can vary,0.4067231943283446,40.67,406.72319432833746,445,false,https://reports.verasight.io/reports/spsp26#q-politics-18
2026-045_politics_19,1,"High representation of minoritized gender identities (i.e., women, non-binary people)",0.07198043920096492,7.2,71.98043920096366,69,false,https://reports.verasight.io/reports/spsp26#q-politics-19
2026-045_politics_19,2,Equal representation of across all gender identities,0.42907792816336393,42.91,429.07792816335643,417,false,https://reports.verasight.io/reports/spsp26#q-politics-19
2026-045_politics_19,3,Representation of all gender identities regardless of percent,0.35447750383036436,35.45,354.47750383035816,376,false,https://reports.verasight.io/reports/spsp26#q-politics-19
2026-045_politics_19,4,High representation of people with my own gender identity,0.14446412880530687,14.45,144.46412880530434,138,false,https://reports.verasight.io/reports/spsp26#q-politics-19
2026-045_politics_1_a,1,Strongly disagree,0.33698815064518384,33.7,175.3871771230134,192,false,https://reports.verasight.io/reports/spsp26#q-politics-1_a
2026-045_politics_1_a,2,Disagree,0.22118932201901648,22.12,115.11909461622172,116,false,https://reports.verasight.io/reports/spsp26#q-politics-1_a
2026-045_politics_1_a,3,Slightly disagree,0.06466312026870452,6.47,33.65424602076015,32,false,https://reports.verasight.io/reports/spsp26#q-politics-1_a
2026-045_politics_1_a,4,Neither agree nor disagree,0.11563114662613416,11.56,60.180811566897056,50,false,https://reports.verasight.io/reports/spsp26#q-politics-1_a
2026-045_politics_1_a,5,Slightly agree,0.11364331949437038,11.36,59.14623694288997,46,false,https://reports.verasight.io/reports/spsp26#q-politics-1_a
2026-045_politics_1_a,6,Agree,0.07242393536294346,7.24,37.69340125202345,36,false,https://reports.verasight.io/reports/spsp26#q-politics-1_a
2026-045_politics_1_a,7,Strongly agree,0.07546100558364734,7.55,39.27405971646442,32,false,https://reports.verasight.io/reports/spsp26#q-politics-1_a
2026-045_politics_1_b,1,Strongly disagree,0.4348710667744746,43.49,208.54023387122226,231,false,https://reports.verasight.io/reports/spsp26#q-politics-1_b
2026-045_politics_1_b,2,Disagree,0.17413636143731048,17.41,83.50621670227876,94,false,https://reports.verasight.io/reports/spsp26#q-politics-1_b
2026-045_politics_1_b,3,Slightly disagree,0.05188253121128784,5.19,24.88000701652572,24,false,https://reports.verasight.io/reports/spsp26#q-politics-1_b
2026-045_politics_1_b,4,Neither agree nor disagree,0.0814116451152685,8.14,39.04054513928763,39,false,https://reports.verasight.io/reports/spsp26#q-politics-1_b
2026-045_politics_1_b,5,Slightly agree,0.08641523960688036,8.64,41.439993723478295,36,false,https://reports.verasight.io/reports/spsp26#q-politics-1_b
2026-045_politics_1_b,6,Agree,0.07262740821438206,7.26,34.828108493919615,32,false,https://reports.verasight.io/reports/spsp26#q-politics-1_b
2026-045_politics_1_b,7,Strongly agree,0.09865574764039609,9.87,47.30986781500012,40,false,https://reports.verasight.io/reports/spsp26#q-politics-1_b
2026-045_politics_2,1,1 - Not at all stereotypical,0.15694181859882628,15.69,156.94181859882352,156,false,https://reports.verasight.io/reports/spsp26#q-politics-2
2026-045_politics_2,2,2,0.05596790255126618,5.6,55.9679025512652,55,false,https://reports.verasight.io/reports/spsp26#q-politics-2
2026-045_politics_2,3,3,0.09004527141300583,9.0,90.04527141300426,80,false,https://reports.verasight.io/reports/spsp26#q-politics-2
2026-045_politics_2,4,4,0.21895589551566996,21.9,218.95589551566613,203,false,https://reports.verasight.io/reports/spsp26#q-politics-2
2026-045_politics_2,5,5,0.193528314002398,19.35,193.5283140023946,193,false,https://reports.verasight.io/reports/spsp26#q-politics-2
2026-045_politics_2,6,6,0.10205588005357766,10.21,102.05588005357588,116,false,https://reports.verasight.io/reports/spsp26#q-politics-2
2026-045_politics_2,7,7 - Very stereotypical,0.1825049178652562,18.25,182.504917865253,197,false,https://reports.verasight.io/reports/spsp26#q-politics-2
2026-045_politics_20,1,Once a day or more,0.26590936885639876,26.59,265.9093688563941,269,false,https://reports.verasight.io/reports/spsp26#q-politics-20
2026-045_politics_20,2,Several times a week,0.26184781863445267,26.18,261.84781863444806,273,false,https://reports.verasight.io/reports/spsp26#q-politics-20
2026-045_politics_20,3,Several times a month,0.21644459391153503,21.64,216.44459391153126,215,false,https://reports.verasight.io/reports/spsp26#q-politics-20
2026-045_politics_20,4,Once a month,0.06375052793014417,6.38,63.75052793014305,60,false,https://reports.verasight.io/reports/spsp26#q-politics-20
2026-045_politics_20,5,Several times a year,0.07143741806272627,7.14,71.43741806272502,78,false,https://reports.verasight.io/reports/spsp26#q-politics-20
2026-045_politics_20,6,Once a year or less,0.037698364081878634,3.77,37.698364081877976,36,false,https://reports.verasight.io/reports/spsp26#q-politics-20
2026-045_politics_20,7,Never,0.08291190852286455,8.29,82.9119085228631,69,false,https://reports.verasight.io/reports/spsp26#q-politics-20
2026-045_politics_21,1,Extremely connected,0.18584410456924394,18.58,185.8441045692407,187,false,https://reports.verasight.io/reports/spsp26#q-politics-21
2026-045_politics_21,2,Very connected,0.316311060856159,31.63,316.31106085615346,328,false,https://reports.verasight.io/reports/spsp26#q-politics-21
2026-045_politics_21,3,Somewhat connected,0.39789072015832133,39.79,397.89072015831437,398,false,https://reports.verasight.io/reports/spsp26#q-politics-21
2026-045_politics_21,4,Not at all connected,0.0999541144162758,10.0,99.95411441627405,87,false,https://reports.verasight.io/reports/spsp26#q-politics-21
2026-045_politics_22,1,Extremely negative,0.3443950669125533,34.44,344.39506691254724,357,false,https://reports.verasight.io/reports/spsp26#q-politics-22
2026-045_politics_22,2,Negative,0.1362921539898093,13.63,136.2921539898069,133,false,https://reports.verasight.io/reports/spsp26#q-politics-22
2026-045_politics_22,3,Slightly negative,0.0743667857073716,7.44,74.3667857073703,73,false,https://reports.verasight.io/reports/spsp26#q-politics-22
2026-045_politics_22,4,Neutral,0.13817497543299825,13.82,138.17497543299584,117,false,https://reports.verasight.io/reports/spsp26#q-politics-22
2026-045_politics_22,5,Slightly positive,0.05720012396740996,5.72,57.20012396740896,50,false,https://reports.verasight.io/reports/spsp26#q-politics-22
2026-045_politics_22,6,Positive,0.1307178506145576,13.07,130.71785061455532,143,false,https://reports.verasight.io/reports/spsp26#q-politics-22
2026-045_politics_22,7,Extremely positive,0.1188530433753001,11.89,118.85304337529801,127,false,https://reports.verasight.io/reports/spsp26#q-politics-22
2026-045_politics_23,1,Racial identification,0.11192683222247246,11.19,111.9268322224705,99,false,https://reports.verasight.io/reports/spsp26#q-politics-23
2026-045_politics_23,2,Ancestry,0.07428471522942212,7.43,74.28471522942083,70,false,https://reports.verasight.io/reports/spsp26#q-politics-23
2026-045_politics_23,3,Physical appearance,0.17848332651132645,17.85,178.48332651132333,179,false,https://reports.verasight.io/reports/spsp26#q-politics-23
2026-045_politics_23,4,Other,0.1743241383594801,17.43,174.32413835947705,195,false,https://reports.verasight.io/reports/spsp26#q-politics-23
2026-045_politics_23,5,None,0.4609809876772989,46.1,460.98098767729084,457,false,https://reports.verasight.io/reports/spsp26#q-politics-23
2026-045_politics_24,1,Strongly disagree,0.03575365779530185,3.58,35.75365779530123,39,false,https://reports.verasight.io/reports/spsp26#q-politics-24
2026-045_politics_24,2,Disagree,0.04277067168102139,4.28,42.77067168102064,39,false,https://reports.verasight.io/reports/spsp26#q-politics-24
2026-045_politics_24,3,Somewhat disagree,0.04104778554198428,4.1,41.047785541983565,41,false,https://reports.verasight.io/reports/spsp26#q-politics-24
2026-045_politics_24,4,Neutral,0.19706036065339713,19.71,197.06036065339367,176,false,https://reports.verasight.io/reports/spsp26#q-politics-24
2026-045_politics_24,5,Somewhat agree,0.20925060732144424,20.93,209.25060732144058,218,false,https://reports.verasight.io/reports/spsp26#q-politics-24
2026-045_politics_24,6,Agree,0.2369770975074891,23.7,236.97709750748496,248,false,https://reports.verasight.io/reports/spsp26#q-politics-24
2026-045_politics_24,7,Strongly agree,0.23713981949936208,23.71,237.13981949935794,239,false,https://reports.verasight.io/reports/spsp26#q-politics-24
2026-045_politics_25_a,1,1 - Not at all supportive,0.21739413965183677,21.74,113.143872873937,117,false,https://reports.verasight.io/reports/spsp26#q-politics-25_a
2026-045_politics_25_a,2,2,0.04167554097814823,4.17,21.69024481495178,21,false,https://reports.verasight.io/reports/spsp26#q-politics-25_a
2026-045_politics_25_a,3,3,0.05299834015239344,5.3,27.583252567597032,25,false,https://reports.verasight.io/reports/spsp26#q-politics-25_a
2026-045_politics_25_a,4,4,0.18673953133344498,18.67,97.1895278666099,83,false,https://reports.verasight.io/reports/spsp26#q-politics-25_a
2026-045_politics_25_a,5,5,0.15407361976765246,15.41,80.18838997287243,77,false,https://reports.verasight.io/reports/spsp26#q-politics-25_a
2026-045_politics_25_a,6,6,0.09106288736500787,9.11,47.39413752395069,49,false,https://reports.verasight.io/reports/spsp26#q-politics-25_a
2026-045_politics_25_a,7,7 - Very supportive,0.25605594075151644,25.61,133.26560161835135,132,false,https://reports.verasight.io/reports/spsp26#q-politics-25_a
2026-045_politics_25_b,1,1 - Not at all supportive,0.1308619025384341,13.09,62.75416748833925,70,false,https://reports.verasight.io/reports/spsp26#q-politics-25_b
2026-045_politics_25_b,2,2,0.040444754826434136,4.04,19.395078851596494,20,false,https://reports.verasight.io/reports/spsp26#q-politics-25_b
2026-045_politics_25_b,3,3,0.04668013456926986,4.67,22.385223860533586,23,false,https://reports.verasight.io/reports/spsp26#q-politics-25_b
2026-045_politics_25_b,4,4,0.15662836596917334,15.66,75.11034549239875,68,false,https://reports.verasight.io/reports/spsp26#q-politics-25_b
2026-045_politics_25_b,5,5,0.16575761652598317,16.58,79.48823170199897,80,false,https://reports.verasight.io/reports/spsp26#q-politics-25_b
2026-045_politics_25_b,6,6,0.10826945033383631,10.83,51.92007061126511,59,false,https://reports.verasight.io/reports/spsp26#q-politics-25_b
2026-045_politics_25_b,7,7 - Very supportive,0.3513577752368691,35.14,168.49185475558028,176,false,https://reports.verasight.io/reports/spsp26#q-politics-25_b
2026-045_politics_26,1,Makes society much less safe,0.21107329496057176,21.11,211.07329496056806,235,false,https://reports.verasight.io/reports/spsp26#q-politics-26
2026-045_politics_26,2,Makes society somewhat less safe,0.11876354984046586,11.88,118.76354984046378,120,false,https://reports.verasight.io/reports/spsp26#q-politics-26
2026-045_politics_26,3,Makes society slightly less safe,0.08626971734760801,8.63,86.2697173476065,77,false,https://reports.verasight.io/reports/spsp26#q-politics-26
2026-045_politics_26,4,Makes society neither more nor less safe,0.23254000248796933,23.25,232.54000248796527,211,false,https://reports.verasight.io/reports/spsp26#q-politics-26
2026-045_politics_26,5,Makes society slightly more safe,0.09634218326544493,9.63,96.34218326544324,88,false,https://reports.verasight.io/reports/spsp26#q-politics-26
2026-045_politics_26,6,Makes society somewhat more safe,0.09395086584367708,9.4,93.95086584367543,100,false,https://reports.verasight.io/reports/spsp26#q-politics-26
2026-045_politics_26,7,Makes society much more safe,0.16106038625426314,16.11,161.06038625426032,169,false,https://reports.verasight.io/reports/spsp26#q-politics-26
2026-045_politics_27,1,I have unfollowed or unfriended someone I know on social media because we do not agree politically,0.2963398129391009,29.63,296.3398129390957,317,false,https://reports.verasight.io/reports/spsp26#q-politics-27
2026-045_politics_27,2,I have ended a relationship with someone in my life because we have different political views,0.11166724749767806,11.17,111.6672474976761,98,false,https://reports.verasight.io/reports/spsp26#q-politics-27
2026-045_politics_27,3,I have avoided or stopped speaking as much to a family member over our political differences,0.2005926759074886,20.06,200.5926759074851,209,false,https://reports.verasight.io/reports/spsp26#q-politics-27
2026-045_politics_27,4,I have avoided or stopped speaking as much to a friend over our political differences,0.2274344320463172,22.74,227.43443204631322,236,false,https://reports.verasight.io/reports/spsp26#q-politics-27
2026-045_politics_27,5,I have avoided or stopped speaking as much to a romantic partner over our political differences,0.07954097291583258,7.95,79.54097291583119,70,false,https://reports.verasight.io/reports/spsp26#q-politics-27
2026-045_politics_27,6,I don't mind if people who I'm close to belong to a different political party,0.5744843641427091,57.45,574.4843641426991,598,false,https://reports.verasight.io/reports/spsp26#q-politics-27
2026-045_politics_27,7,I don't mind if people who are not in my inner circle belong to a different political party,0.5403575463193577,54.04,540.3575463193482,561,false,https://reports.verasight.io/reports/spsp26#q-politics-27
2026-045_politics_27,8,None of the above,0.1347229879021156,13.47,134.72298790211323,112,false,https://reports.verasight.io/reports/spsp26#q-politics-27
2026-045_politics_28,1,To connect with the physical environment,0.5106087847541245,51.06,510.6087847541156,532,false,https://reports.verasight.io/reports/spsp26#q-politics-28
2026-045_politics_28,2,To connect with other people,0.16948572349812802,16.95,169.48572349812505,165,false,https://reports.verasight.io/reports/spsp26#q-politics-28
2026-045_politics_28,3,To exercise,0.4657798853003252,46.58,465.77988530031706,478,false,https://reports.verasight.io/reports/spsp26#q-politics-28
2026-045_politics_28,4,To change my mood,0.5474987805531498,54.75,547.4987805531403,561,false,https://reports.verasight.io/reports/spsp26#q-politics-28
2026-045_politics_28,5,It's part of my routine,0.22792500713474062,22.79,227.92500713473663,237,false,https://reports.verasight.io/reports/spsp26#q-politics-28
2026-045_politics_28,6,To 'refresh' my brain or attention,0.5696110598217866,56.96,569.6110598217766,578,false,https://reports.verasight.io/reports/spsp26#q-politics-28
2026-045_politics_28,7,None of the above,0.09114756578177856,9.11,91.14756578177696,83,false,https://reports.verasight.io/reports/spsp26#q-politics-28
2026-045_politics_29_a,1,Completely unacceptable,0.7814545985649416,78.15,406.7119743815881,418,false,https://reports.verasight.io/reports/spsp26#q-politics-29_a
2026-045_politics_29_a,2,Somewhat unacceptable,0.07912037457398169,7.91,41.17859670400377,30,false,https://reports.verasight.io/reports/spsp26#q-politics-29_a
2026-045_politics_29_a,3,Neither unacceptable nor acceptable,0.07054820587743935,7.05,36.71716841155378,30,false,https://reports.verasight.io/reports/spsp26#q-politics-29_a
2026-045_politics_29_a,4,Somewhat acceptable,0.04687095493405821,4.69,24.394224126888997,16,false,https://reports.verasight.io/reports/spsp26#q-politics-29_a
2026-045_politics_29_a,5,Completely acceptable,0.022005866049579232,2.2,11.453063614235482,10,false,https://reports.verasight.io/reports/spsp26#q-politics-29_a
2026-045_politics_29_b,1,Completely unacceptable,0.7739943149611642,77.4,371.1650826857718,408,false,https://reports.verasight.io/reports/spsp26#q-politics-29_b
2026-045_politics_29_b,2,Somewhat unacceptable,0.048341883379638524,4.83,23.182107148538634,23,false,https://reports.verasight.io/reports/spsp26#q-politics-29_b
2026-045_politics_29_b,3,Neither unacceptable nor acceptable,0.11548935388325965,11.55,55.382339062215515,41,false,https://reports.verasight.io/reports/spsp26#q-politics-29_b
2026-045_politics_29_b,4,Somewhat acceptable,0.035590666371906145,3.56,17.067325135886925,13,false,https://reports.verasight.io/reports/spsp26#q-politics-29_b
2026-045_politics_29_b,5,Completely acceptable,0.026583781404031455,2.66,12.74811872929958,11,false,https://reports.verasight.io/reports/spsp26#q-politics-29_b
2026-045_politics_3,1,Very feminine,0.12544525489041206,12.54,125.44525489040987,130,false,https://reports.verasight.io/reports/spsp26#q-politics-3
2026-045_politics_3,2,Feminine,0.25589855136770956,25.59,255.8985513677051,278,false,https://reports.verasight.io/reports/spsp26#q-politics-3
2026-045_politics_3,3,Slightly feminine,0.0847575415746542,8.48,84.75754157465272,73,false,https://reports.verasight.io/reports/spsp26#q-politics-3
2026-045_politics_3,4,Neither feminine nor masculine,0.07947838777994065,7.95,79.47838777993925,66,false,https://reports.verasight.io/reports/spsp26#q-politics-3
2026-045_politics_3,5,Slightly masculine,0.07476886386428803,7.48,74.76886386428673,73,false,https://reports.verasight.io/reports/spsp26#q-politics-3
2026-045_politics_3,6,Masculine,0.25275334540661515,25.28,252.75334540661072,256,false,https://reports.verasight.io/reports/spsp26#q-politics-3
2026-045_politics_3,7,Very masculine,0.12689805511638041,12.69,126.89805511637819,124,false,https://reports.verasight.io/reports/spsp26#q-politics-3
2026-045_politics_30,1,Never,0.6389136826522379,63.89,638.9136826522267,672,false,https://reports.verasight.io/reports/spsp26#q-politics-30
2026-045_politics_30,2,Less than once a month,0.17366799659608242,17.37,173.66799659607938,169,false,https://reports.verasight.io/reports/spsp26#q-politics-30
2026-045_politics_30,3,A few times a month,0.08896138307984805,8.9,88.9613830798465,77,false,https://reports.verasight.io/reports/spsp26#q-politics-30
2026-045_politics_30,4,A few times a week,0.07570145217336118,7.57,75.70145217335985,64,false,https://reports.verasight.io/reports/spsp26#q-politics-30
2026-045_politics_30,5,Every day,0.022755485498470562,2.28,22.755485498470165,18,false,https://reports.verasight.io/reports/spsp26#q-politics-30
2026-045_politics_31_a,1,Not at all willing,0.03475153256259207,3.48,18.086609826435485,12,false,https://reports.verasight.io/reports/spsp26#q-politics-31_a
2026-045_politics_31_a,2,Slightly willing,0.06108267937800508,6.11,31.79078755946615,29,false,https://reports.verasight.io/reports/spsp26#q-politics-31_a
2026-045_politics_31_a,3,Moderately willing,0.19022596533257413,19.02,99.0040599685911,90,false,https://reports.verasight.io/reports/spsp26#q-politics-31_a
2026-045_politics_31_a,4,Very willing,0.3321699975094254,33.22,172.8795451015041,172,false,https://reports.verasight.io/reports/spsp26#q-politics-31_a
2026-045_politics_31_a,5,Extremely willing,0.38176982521740344,38.18,198.69402478227332,201,false,https://reports.verasight.io/reports/spsp26#q-politics-31_a
2026-045_politics_31_b,1,Not at all willing,0.04064781369103306,4.06,19.49245470928961,17,false,https://reports.verasight.io/reports/spsp26#q-politics-31_b
2026-045_politics_31_b,2,Slightly willing,0.08895526142976778,8.9,42.658048419349,47,false,https://reports.verasight.io/reports/spsp26#q-politics-31_b
2026-045_politics_31_b,3,Moderately willing,0.3201042600163168,32.01,153.50438865043276,145,false,https://reports.verasight.io/reports/spsp26#q-politics-31_b
2026-045_politics_31_b,4,Very willing,0.3173344059039678,31.73,152.1761190355724,160,false,https://reports.verasight.io/reports/spsp26#q-politics-31_b
2026-045_politics_31_b,5,Extremely willing,0.2329582589589146,23.3,111.71396194706864,127,false,https://reports.verasight.io/reports/spsp26#q-politics-31_b
2026-045_politics_32,1,Strongly disagree,0.24043351123774212,24.04,240.43351123773792,259,false,https://reports.verasight.io/reports/spsp26#q-politics-32
2026-045_politics_32,2,Disagree,0.16834274924115497,16.83,168.34274924115203,172,false,https://reports.verasight.io/reports/spsp26#q-politics-32
2026-045_politics_32,3,Neither agree nor disagree,0.3120696313395457,31.21,312.0696313395402,292,false,https://reports.verasight.io/reports/spsp26#q-politics-32
2026-045_politics_32,4,Agree,0.17219575382394708,17.22,172.19575382394407,170,false,https://reports.verasight.io/reports/spsp26#q-politics-32
2026-045_politics_32,5,Strongly agree,0.10695835435761024,10.7,106.95835435760837,107,false,https://reports.verasight.io/reports/spsp26#q-politics-32
2026-045_politics_33,1,1 - Completely false,0.0226202620549793,2.26,22.620262054978905,20,false,https://reports.verasight.io/reports/spsp26#q-politics-33
2026-045_politics_33,2,2,0.02249419335854316,2.25,22.494193358542766,26,false,https://reports.verasight.io/reports/spsp26#q-politics-33
2026-045_politics_33,3,3,0.08146292536642366,8.15,81.46292536642224,79,false,https://reports.verasight.io/reports/spsp26#q-politics-33
2026-045_politics_33,4,4,0.2648205962896286,26.48,264.820596289624,245,false,https://reports.verasight.io/reports/spsp26#q-politics-33
2026-045_politics_33,5,5,0.254292180676739,25.43,254.29218067673452,272,false,https://reports.verasight.io/reports/spsp26#q-politics-33
2026-045_politics_33,6,6,0.14676303450399175,14.68,146.7630345039892,153,false,https://reports.verasight.io/reports/spsp26#q-politics-33
2026-045_politics_33,7,7 - Completely true,0.2075468077496946,20.75,207.54680774969097,205,false,https://reports.verasight.io/reports/spsp26#q-politics-33
2026-045_politics_34,1,Documented,0.4658984704254582,46.59,465.89847042545,489,false,https://reports.verasight.io/reports/spsp26#q-politics-34
2026-045_politics_34,2,Undocumented,0.3102508210908356,31.03,310.2508210908302,303,false,https://reports.verasight.io/reports/spsp26#q-politics-34
2026-045_politics_34,3,There are an equal number of both,0.22385070848370628,22.39,223.85070848370236,208,false,https://reports.verasight.io/reports/spsp26#q-politics-34
2026-045_politics_35,1,I was never planning to visit Mexico and still am not,0.60227481353464,60.23,602.2748135346294,610,false,https://reports.verasight.io/reports/spsp26#q-politics-35
2026-045_politics_35,2,"I was considering visiting Mexico, but now I am less likely to go",0.17871864434183113,17.87,178.718644341828,184,false,https://reports.verasight.io/reports/spsp26#q-politics-35
2026-045_politics_35,3,"I was considering visiting Mexico, and my plans have not changed",0.11997636740969644,12.0,119.97636740969435,115,false,https://reports.verasight.io/reports/spsp26#q-politics-35
2026-045_politics_35,4,I am not familiar with recent cartel-related reports in Mexico,0.0990301747138325,9.9,99.03017471383077,91,false,https://reports.verasight.io/reports/spsp26#q-politics-35
2026-045_politics_36_a,1,I feel more irritable or angry,0.22523114241871844,22.52,117.2226803624408,113,false,https://reports.verasight.io/reports/spsp26#q-politics-36_a
2026-045_politics_36_a,2,I feel anxious or tense,0.2547254674872189,25.47,132.5731501193416,134,false,https://reports.verasight.io/reports/spsp26#q-politics-36_a
2026-045_politics_36_a,3,I have trouble concentrating,0.34867302585153737,34.87,181.46862916681192,189,false,https://reports.verasight.io/reports/spsp26#q-politics-36_a
2026-045_politics_36_a,4,I feel more alert or awake,0.24766038927855194,24.77,128.89609464780932,119,false,https://reports.verasight.io/reports/spsp26#q-politics-36_a
2026-045_politics_36_a,5,I overreact to frustrating situations,0.14867038442561406,14.87,77.37624897575705,73,false,https://reports.verasight.io/reports/spsp26#q-politics-36_a
2026-045_politics_36_a,6,I have more conflict with others,0.06504966831830965,6.5,33.85542689644628,32,false,https://reports.verasight.io/reports/spsp26#q-politics-36_a
2026-045_politics_36_a,7,None of the above,0.31310232649245817,31.31,162.95567986299804,153,false,https://reports.verasight.io/reports/spsp26#q-politics-36_a
2026-045_politics_36_b,1,I feel more irritable or angry,0.2312495289099857,23.12,110.89454904229792,113,false,https://reports.verasight.io/reports/spsp26#q-politics-36_b
2026-045_politics_36_b,2,I feel anxious or tense,0.2464100993069108,24.64,118.16472436034339,122,false,https://reports.verasight.io/reports/spsp26#q-politics-36_b
2026-045_politics_36_b,3,I have trouble concentrating,0.36071024642194477,36.07,172.97678529528207,183,false,https://reports.verasight.io/reports/spsp26#q-politics-36_b
2026-045_politics_36_b,4,I feel more alert or awake,0.22190835086135247,22.19,106.41503406940379,103,false,https://reports.verasight.io/reports/spsp26#q-politics-36_b
2026-045_politics_36_b,5,I overreact to frustrating situations,0.15048630559002832,15.05,72.16495131518086,72,false,https://reports.verasight.io/reports/spsp26#q-politics-36_b
2026-045_politics_36_b,6,I have more conflict with others,0.05491428140757584,5.49,26.33386758182497,28,false,https://reports.verasight.io/reports/spsp26#q-politics-36_b
2026-045_politics_36_b,7,None of the above,0.3358863445331739,33.59,161.07260794019203,166,false,https://reports.verasight.io/reports/spsp26#q-politics-36_b
2026-045_politics_37,1,I'm less likely to exercise outside,0.4568018967606892,45.68,456.80189676068125,492,false,https://reports.verasight.io/reports/spsp26#q-politics-37
2026-045_politics_37,2,I'm more likely to exercise inside,0.26668218206815375,26.67,266.6821820681491,266,false,https://reports.verasight.io/reports/spsp26#q-politics-37
2026-045_politics_37,3,I'm less likely to socialize in person,0.21976033404860143,21.98,219.76033404859757,222,false,https://reports.verasight.io/reports/spsp26#q-politics-37
2026-045_politics_37,4,I'm more likely to use social media to connect with others,0.16572546040678537,16.57,165.72546040678247,161,false,https://reports.verasight.io/reports/spsp26#q-politics-37
2026-045_politics_37,5,I'm more likely to stay inside my home in general,0.5854771721855361,58.55,585.4771721855258,601,false,https://reports.verasight.io/reports/spsp26#q-politics-37
2026-045_politics_37,6,I'm less likely to spend time outdoors in nature,0.4793364762832292,47.93,479.3364762832208,505,false,https://reports.verasight.io/reports/spsp26#q-politics-37
2026-045_politics_37,7,None of the above,0.15397739685647205,15.4,153.97739685646934,145,false,https://reports.verasight.io/reports/spsp26#q-politics-37
2026-045_politics_38,1,Strongly disagree,0.027100364914973547,2.71,27.10036491497307,30,false,https://reports.verasight.io/reports/spsp26#q-politics-38
2026-045_politics_38,2,Disagree,0.022559240349000052,2.26,22.55924034899966,19,false,https://reports.verasight.io/reports/spsp26#q-politics-38
2026-045_politics_38,3,Somewhat disagree,0.024747957940591633,2.47,24.7479579405912,26,false,https://reports.verasight.io/reports/spsp26#q-politics-38
2026-045_politics_38,4,Neither agree nor disagree,0.17997182429647995,18.0,179.9718242964768,161,false,https://reports.verasight.io/reports/spsp26#q-politics-38
2026-045_politics_38,5,Somewhat agree,0.1499894051780442,15.0,149.98940517804158,142,false,https://reports.verasight.io/reports/spsp26#q-politics-38
2026-045_politics_38,6,Agree,0.2347157129051155,23.47,234.7157129051114,247,false,https://reports.verasight.io/reports/spsp26#q-politics-38
2026-045_politics_38,7,Strongly agree,0.3609154944157952,36.09,360.9154944157889,375,false,https://reports.verasight.io/reports/spsp26#q-politics-38
2026-045_politics_4,1,Strongly disagree,0.5881799228899403,58.82,588.1799228899299,585,false,https://reports.verasight.io/reports/spsp26#q-politics-4
2026-045_politics_4,2,Disagree,0.14472181086511396,14.47,144.72181086511142,150,false,https://reports.verasight.io/reports/spsp26#q-politics-4
2026-045_politics_4,3,Slightly disagree,0.044922069292690096,4.49,44.92206929268931,46,false,https://reports.verasight.io/reports/spsp26#q-politics-4
2026-045_politics_4,4,Neither agree nor disagree,0.1199767706042543,12.0,119.9767706042522,113,false,https://reports.verasight.io/reports/spsp26#q-politics-4
2026-045_politics_4,5,Slightly agree,0.04063581466246435,4.06,40.63581466246364,42,false,https://reports.verasight.io/reports/spsp26#q-politics-4
2026-045_politics_4,6,Agree,0.03477491013480135,3.48,34.77491013480074,37,false,https://reports.verasight.io/reports/spsp26#q-politics-4
2026-045_politics_4,7,Strong agree,0.02678870155073578,2.68,26.78870155073531,27,false,https://reports.verasight.io/reports/spsp26#q-politics-4
2026-045_politics_5,1,Left/Liberal,0.279754494663559,27.98,279.7544946635541,299,false,https://reports.verasight.io/reports/spsp26#q-politics-5
2026-045_politics_5,2,Centrist,0.20098708547092115,20.1,200.98708547091763,211,false,https://reports.verasight.io/reports/spsp26#q-politics-5
2026-045_politics_5,3,Right/Conservative,0.3254176920359794,32.54,325.41769203597374,333,false,https://reports.verasight.io/reports/spsp26#q-politics-5
2026-045_politics_5,4,Undefined (None of the above),0.19384072782954048,19.38,193.8407278295371,157,false,https://reports.verasight.io/reports/spsp26#q-politics-5
2026-045_politics_6,1,Definitely yes,0.15141087121628613,15.14,151.41087121628348,161,false,https://reports.verasight.io/reports/spsp26#q-politics-6
2026-045_politics_6,2,Probably yes,0.348846543668987,34.88,348.84654366898087,343,false,https://reports.verasight.io/reports/spsp26#q-politics-6
2026-045_politics_6,3,Probably no,0.27601980800192516,27.6,276.01980800192035,282,false,https://reports.verasight.io/reports/spsp26#q-politics-6
2026-045_politics_6,4,Definitely no,0.09143165300931998,9.14,91.43165300931838,93,false,https://reports.verasight.io/reports/spsp26#q-politics-6
2026-045_politics_6,5,I am not sure/do not want to answer,0.13229112410348187,13.23,132.29112410347955,121,false,https://reports.verasight.io/reports/spsp26#q-politics-6
2026-045_politics_7,1,Very concerned,0.08960141810561778,8.96,89.60141810561622,87,false,https://reports.verasight.io/reports/spsp26#q-politics-7
2026-045_politics_7,2,Moderately concerned,0.1795677577757311,17.96,179.56775777572796,163,false,https://reports.verasight.io/reports/spsp26#q-politics-7
2026-045_politics_7,3,Slightly concerned,0.13450776328349406,13.45,134.5077632834917,134,false,https://reports.verasight.io/reports/spsp26#q-politics-7
2026-045_politics_7,4,Not concerned at all,0.5963230608351572,59.63,596.3230608351467,616,false,https://reports.verasight.io/reports/spsp26#q-politics-7
2026-045_politics_8,1,An originally extremely morally bad person who became an extremely morally good person,0.577478496788586,57.75,577.4784967885759,584,false,https://reports.verasight.io/reports/spsp26#q-politics-8
2026-045_politics_8,2,An originally extremely morally good person who became an extremely morally bad person,0.4225215032114141,42.25,422.5215032114067,416,false,https://reports.verasight.io/reports/spsp26#q-politics-8
2026-045_politics_9_a,1,Not at all hesitant,0.7485877926275961,74.86,389.606280002232,399,false,https://reports.verasight.io/reports/spsp26#q-politics-9_a
2026-045_politics_9_a,2,Slightly hesitant,0.10600975847928236,10.6,55.173311736857336,48,false,https://reports.verasight.io/reports/spsp26#q-politics-9_a
2026-045_politics_9_a,3,Somewhat hesitant,0.08234215576389108,8.23,42.85538892095381,30,false,https://reports.verasight.io/reports/spsp26#q-politics-9_a
2026-045_politics_9_a,4,Very hesitant,0.03191266050839757,3.19,16.609104594143723,14,false,https://reports.verasight.io/reports/spsp26#q-politics-9_a
2026-045_politics_9_a,5,Extremely hesitant,0.031147632620833064,3.11,16.210941984083302,13,false,https://reports.verasight.io/reports/spsp26#q-politics-9_a
2026-045_politics_9_b,1,Not at all hesitant,0.7897040936992573,78.97,378.69862810282314,413,false,https://reports.verasight.io/reports/spsp26#q-politics-9_b
2026-045_politics_9_b,2,Slightly hesitant,0.07675773367252799,7.68,36.80878530324321,34,false,https://reports.verasight.io/reports/spsp26#q-politics-9_b
2026-045_politics_9_b,3,Somewhat hesitant,0.10500068243706615,10.5,50.3525493992441,37,false,https://reports.verasight.io/reports/spsp26#q-politics-9_b
2026-045_politics_9_b,4,Very hesitant,0.008708214747491567,0.87,4.175980603888986,4,false,https://reports.verasight.io/reports/spsp26#q-politics-9_b
2026-045_politics_9_b,5,Extremely hesitant,0.01982927544365695,1.98,9.509029352512965,8,false,https://reports.verasight.io/reports/spsp26#q-politics-9_b
2026-045_society_10,1,Entirely reflects the person's character,0.2601902335005192,26.02,260.1902335005218,264,false,https://reports.verasight.io/reports/spsp26#q-society-10
2026-045_society_10,2,Mostly reflects the person's character,0.3310410498569818,33.1,331.0410498569851,355,false,https://reports.verasight.io/reports/spsp26#q-society-10
2026-045_society_10,3,Both equally,0.29348640257822606,29.35,293.48640257822905,279,false,https://reports.verasight.io/reports/spsp26#q-society-10
2026-045_society_10,4,Mostly an expected risk of close relationships,0.06978133505591858,6.98,69.78133505591929,63,false,https://reports.verasight.io/reports/spsp26#q-society-10
2026-045_society_10,5,Entirely an expected risk of close relationships,0.02149541938441656,2.15,21.495419384416778,23,false,https://reports.verasight.io/reports/spsp26#q-society-10
2026-045_society_10,6,Prefer not to answer,0.024005559623937866,2.4,24.005559623938108,16,false,https://reports.verasight.io/reports/spsp26#q-society-10
2026-045_society_11,1,1 (strongly disagree),0.03704400288124749,3.7,37.04400288124786,37,false,https://reports.verasight.io/reports/spsp26#q-society-11
2026-045_society_11,2,2,0.032031854726932145,3.2,32.03185472693247,35,false,https://reports.verasight.io/reports/spsp26#q-society-11
2026-045_society_11,3,3,0.09185679224457433,9.19,91.85679224457526,81,false,https://reports.verasight.io/reports/spsp26#q-society-11
2026-045_society_11,4,4,0.19692419694110477,19.69,196.92419694110677,184,false,https://reports.verasight.io/reports/spsp26#q-society-11
2026-045_society_11,5,5,0.1965572371732157,19.66,196.5572371732177,197,false,https://reports.verasight.io/reports/spsp26#q-society-11
2026-045_society_11,6,6,0.20338509337939958,20.34,203.38509337940164,219,false,https://reports.verasight.io/reports/spsp26#q-society-11
2026-045_society_11,7,7 (strongly agree),0.24220082265352602,24.22,242.20082265352846,247,false,https://reports.verasight.io/reports/spsp26#q-society-11
2026-045_society_12,1,1 (strongly disagree),0.06596451408276191,6.6,65.96451408276258,58,false,https://reports.verasight.io/reports/spsp26#q-society-12
2026-045_society_12,2,2,0.0563616871953655,5.64,56.36168719536607,52,false,https://reports.verasight.io/reports/spsp26#q-society-12
2026-045_society_12,3,3,0.09531083830656643,9.53,95.3108383065674,92,false,https://reports.verasight.io/reports/spsp26#q-society-12
2026-045_society_12,4,4,0.23745628099635405,23.75,237.45628099635644,222,false,https://reports.verasight.io/reports/spsp26#q-society-12
2026-045_society_12,5,5,0.2055343085149923,20.55,205.53430851499436,211,false,https://reports.verasight.io/reports/spsp26#q-society-12
2026-045_society_12,6,6,0.1772171612765841,17.72,177.2171612765859,195,false,https://reports.verasight.io/reports/spsp26#q-society-12
2026-045_society_12,7,7 (strongly agree),0.16215520962737576,16.22,162.1552096273774,170,false,https://reports.verasight.io/reports/spsp26#q-society-12
2026-045_society_13_a,1,Strongly disagree,0.02906281027611169,2.91,14.418158307700121,16,false,https://reports.verasight.io/reports/spsp26#q-society-13_a
2026-045_society_13_a,2,Disagree,0.09135439926890938,9.14,45.32122593273876,53,false,https://reports.verasight.io/reports/spsp26#q-society-13_a
2026-045_society_13_a,3,Somewhat disagree,0.11203385351324167,11.2,55.58037300691891,67,false,https://reports.verasight.io/reports/spsp26#q-society-13_a
2026-045_society_13_a,4,Neither agree not disagree,0.2435658185111398,24.36,120.83382495617383,114,false,https://reports.verasight.io/reports/spsp26#q-society-13_a
2026-045_society_13_a,5,Somewhat agree,0.24078746622705832,24.08,119.45547500701653,121,false,https://reports.verasight.io/reports/spsp26#q-society-13_a
2026-045_society_13_a,6,Agree,0.18432047113549513,18.43,91.44200808294973,94,false,https://reports.verasight.io/reports/spsp26#q-society-13_a
2026-045_society_13_a,7,Strongly agree,0.09887518106804405,9.89,49.05231117698724,44,false,https://reports.verasight.io/reports/spsp26#q-society-13_a
2026-045_society_13_b,1,Strongly disagree,0.031094482693049402,3.11,15.668404839424845,12,false,https://reports.verasight.io/reports/spsp26#q-society-13_b
2026-045_society_13_b,2,Disagree,0.125593663465194,12.56,63.28622295681472,58,false,https://reports.verasight.io/reports/spsp26#q-society-13_b
2026-045_society_13_b,3,Somewhat disagree,0.10622782157783331,10.62,53.52784061796702,58,false,https://reports.verasight.io/reports/spsp26#q-society-13_b
2026-045_society_13_b,4,Neither agree not disagree,0.29921951947515113,29.92,150.7757055576556,148,false,https://reports.verasight.io/reports/spsp26#q-society-13_b
2026-045_society_13_b,5,Somewhat agree,0.21409039139431116,21.41,107.87942535370787,105,false,https://reports.verasight.io/reports/spsp26#q-society-13_b
2026-045_society_13_b,6,Agree,0.14653775979162104,14.65,73.83988237857844,77,false,https://reports.verasight.io/reports/spsp26#q-society-13_b
2026-045_society_13_b,7,Strongly agree,0.07723636160283989,7.72,38.91914182537648,33,false,https://reports.verasight.io/reports/spsp26#q-society-13_b
2026-045_society_14,1,0 friends,0.05772558743409419,5.77,57.72558743409478,49,false,https://reports.verasight.io/reports/spsp26#q-society-14
2026-045_society_14,2,1-2 friends,0.19403283191430923,19.4,194.0328319143112,167,false,https://reports.verasight.io/reports/spsp26#q-society-14
2026-045_society_14,3,3-4 friends,0.23577599780395558,23.58,235.77599780395798,234,false,https://reports.verasight.io/reports/spsp26#q-society-14
2026-045_society_14,4,5-6 friends,0.1891446094223327,18.91,189.1446094223346,192,false,https://reports.verasight.io/reports/spsp26#q-society-14
2026-045_society_14,5,7-8 friends,0.07852784146139942,7.85,78.52784146140021,92,false,https://reports.verasight.io/reports/spsp26#q-society-14
2026-045_society_14,6,9-10 friends,0.08540447213262856,8.54,85.40447213262942,88,false,https://reports.verasight.io/reports/spsp26#q-society-14
2026-045_society_14,7,11-12 friends,0.02647641227120056,2.65,26.47641227120083,32,false,https://reports.verasight.io/reports/spsp26#q-society-14
2026-045_society_14,8,13 or more friends,0.13291224756007977,13.29,132.9122475600811,146,false,https://reports.verasight.io/reports/spsp26#q-society-14
2026-045_society_15,1,Less than 5,0.10245427682465612,10.25,102.45427682465716,95,false,https://reports.verasight.io/reports/spsp26#q-society-15
2026-045_society_15,2,5-6,0.22900077210614037,22.9,229.00077210614268,229,false,https://reports.verasight.io/reports/spsp26#q-society-15
2026-045_society_15,3,6-7,0.2922476319642127,29.22,292.24763196421566,301,false,https://reports.verasight.io/reports/spsp26#q-society-15
2026-045_society_15,4,7-8,0.252919186526,25.29,252.91918652600256,255,false,https://reports.verasight.io/reports/spsp26#q-society-15
2026-045_society_15,5,8-9,0.08783086068516172,8.78,87.8308606851626,83,false,https://reports.verasight.io/reports/spsp26#q-society-15
2026-045_society_15,6,9-10,0.020778312383515907,2.08,20.778312383516116,23,false,https://reports.verasight.io/reports/spsp26#q-society-15
2026-045_society_15,7,More than 10,0.014768959510313246,1.48,14.768959510313396,14,false,https://reports.verasight.io/reports/spsp26#q-society-15
2026-045_society_16,1,Strongly disagree,0.3224848269302423,32.25,322.48482693024556,335,false,https://reports.verasight.io/reports/spsp26#q-society-16
2026-045_society_16,2,Disagree,0.14887548093530392,14.89,148.87548093530543,169,false,https://reports.verasight.io/reports/spsp26#q-society-16
2026-045_society_16,3,Somewhat disagree,0.09722005940284924,9.72,97.22005940285023,94,false,https://reports.verasight.io/reports/spsp26#q-society-16
2026-045_society_16,4,Neither agree nor disagree,0.229218899468352,22.92,229.21889946835432,209,false,https://reports.verasight.io/reports/spsp26#q-society-16
2026-045_society_16,5,Somewhat agree,0.09406951093888619,9.41,94.06951093888713,99,false,https://reports.verasight.io/reports/spsp26#q-society-16
2026-045_society_16,6,Agree,0.043330664920019676,4.33,43.33066492002011,41,false,https://reports.verasight.io/reports/spsp26#q-society-16
2026-045_society_16,7,Strongly agree,0.06480055740434673,6.48,64.80055740434739,53,false,https://reports.verasight.io/reports/spsp26#q-society-16
2026-045_society_17,1,1 - Strongly disagree,0.018457732719498538,1.85,18.457732719498726,20,false,https://reports.verasight.io/reports/spsp26#q-society-17
2026-045_society_17,2,2,0.04624186782000013,4.62,46.2418678200006,53,false,https://reports.verasight.io/reports/spsp26#q-society-17
2026-045_society_17,3,3,0.07014835618935603,7.01,70.14835618935673,78,false,https://reports.verasight.io/reports/spsp26#q-society-17
2026-045_society_17,4,4 - Neutral,0.3663128458157964,36.63,366.3128458158001,338,false,https://reports.verasight.io/reports/spsp26#q-society-17
2026-045_society_17,5,5,0.22649051638364645,22.65,226.49051638364875,242,false,https://reports.verasight.io/reports/spsp26#q-society-17
2026-045_society_17,6,6,0.13373397570970758,13.37,133.73397570970891,138,false,https://reports.verasight.io/reports/spsp26#q-society-17
2026-045_society_17,7,7 - Strongly agree,0.13861470536199497,13.86,138.61470536199636,131,false,https://reports.verasight.io/reports/spsp26#q-society-17
2026-045_society_18,1,...a failure and problematic.,0.0801664603265974,8.02,80.16646032659821,81,false,https://reports.verasight.io/reports/spsp26#q-society-18
2026-045_society_18,2,... normal and common.,0.9198335396734026,91.98,919.8335396734119,919,false,https://reports.verasight.io/reports/spsp26#q-society-18
2026-045_society_19_a,1,Yes,0.6056052832416804,60.56,300.44282582456214,313,false,https://reports.verasight.io/reports/spsp26#q-society-19_a
2026-045_society_19_a,2,No,0.39439471675831966,39.44,195.660550645923,196,false,https://reports.verasight.io/reports/spsp26#q-society-19_a
2026-045_society_19_b,1,Yes,0.4330419928821608,43.3,218.20839805981743,212,false,https://reports.verasight.io/reports/spsp26#q-society-19_b
2026-045_society_19_b,2,No,0.5669580071178392,56.7,285.68822546970756,279,false,https://reports.verasight.io/reports/spsp26#q-society-19_b
2026-045_society_1_a,1,Very close,0.005811162597221116,0.58,2.8829373857003895,3,false,https://reports.verasight.io/reports/spsp26#q-society-1_a
2026-045_society_1_a,2,Close,0.013780920387147169,1.38,6.8367611349346555,6,false,https://reports.verasight.io/reports/spsp26#q-society-1_a
2026-045_society_1_a,3,Somewhat close,0.04199295362618475,4.2,20.832846081918756,21,false,https://reports.verasight.io/reports/spsp26#q-society-1_a
2026-045_society_1_a,4,Neither,0.04247114300089994,4.25,21.070077445307273,22,false,https://reports.verasight.io/reports/spsp26#q-society-1_a
2026-045_society_1_a,5,Somewhat far,0.133741639768308,13.37,66.34967906375691,76,false,https://reports.verasight.io/reports/spsp26#q-society-1_a
2026-045_society_1_a,6,Far,0.26449794721613074,26.45,131.21832468343462,147,false,https://reports.verasight.io/reports/spsp26#q-society-1_a
2026-045_society_1_a,7,Very far,0.4977042334041083,49.77,246.91275067543253,234,false,https://reports.verasight.io/reports/spsp26#q-society-1_a
2026-045_society_1_b,1,Very close,0.008882242941895076,0.89,4.475732227789884,5,false,https://reports.verasight.io/reports/spsp26#q-society-1_b
2026-045_society_1_b,2,Close,0.019663426668414304,1.97,9.908334305234385,8,false,https://reports.verasight.io/reports/spsp26#q-society-1_b
2026-045_society_1_b,3,Somewhat close,0.05408530744082726,5.41,27.253403801989155,25,false,https://reports.verasight.io/reports/spsp26#q-society-1_b
2026-045_society_1_b,4,Neither,0.05867387769162105,5.87,29.56556885819217,23,false,https://reports.verasight.io/reports/spsp26#q-society-1_b
2026-045_society_1_b,5,Somewhat far,0.13630170232548447,13.63,68.68196758313803,69,false,https://reports.verasight.io/reports/spsp26#q-society-1_b
2026-045_society_1_b,6,Far,0.20506293790989283,20.51,103.33052202383963,98,false,https://reports.verasight.io/reports/spsp26#q-society-1_b
2026-045_society_1_b,7,Very far,0.517330505021865,51.73,260.68109472934174,263,false,https://reports.verasight.io/reports/spsp26#q-society-1_b
2026-045_society_2,1,Very bad,0.05151521167595118,5.15,51.515211675951704,47,false,https://reports.verasight.io/reports/spsp26#q-society-2
2026-045_society_2,2,Bad,0.12022175406664598,12.02,120.2217540666472,101,false,https://reports.verasight.io/reports/spsp26#q-society-2
2026-045_society_2,3,Somewhat bad,0.16966181994975063,16.97,169.66181994975236,174,false,https://reports.verasight.io/reports/spsp26#q-society-2
2026-045_society_2,4,Neither,0.22909026618801304,22.91,229.09026618801536,224,false,https://reports.verasight.io/reports/spsp26#q-society-2
2026-045_society_2,5,Somewhat good,0.22912369389396792,22.91,229.12369389397023,244,false,https://reports.verasight.io/reports/spsp26#q-society-2
2026-045_society_2,6,Good,0.15773459414104515,15.77,157.73459414104676,168,false,https://reports.verasight.io/reports/spsp26#q-society-2
2026-045_society_2,7,Very good,0.04265266008462612,4.27,42.652660084626554,42,false,https://reports.verasight.io/reports/spsp26#q-society-2
2026-045_society_20,1,Strongly disagree,0.06130450142210945,6.13,61.30450142211007,56,false,https://reports.verasight.io/reports/spsp26#q-society-20
2026-045_society_20,2,Disagree,0.1696128385261057,16.96,169.61283852610742,170,false,https://reports.verasight.io/reports/spsp26#q-society-20
2026-045_society_20,3,Somewhat disagree,0.26218069279360834,26.22,262.180692793611,268,false,https://reports.verasight.io/reports/spsp26#q-society-20
2026-045_society_20,4,Somewhat agree,0.3100062449720676,31.0,310.0062449720707,303,false,https://reports.verasight.io/reports/spsp26#q-society-20
2026-045_society_20,5,Agree,0.15358972396051887,15.36,153.58972396052042,158,false,https://reports.verasight.io/reports/spsp26#q-society-20
2026-045_society_20,6,Strongly agree,0.0433059983255901,4.33,43.30599832559054,45,false,https://reports.verasight.io/reports/spsp26#q-society-20
2026-045_society_21_a,1,Strongly disagree,0.23243266505364418,23.24,115.31062993514621,124,false,https://reports.verasight.io/reports/spsp26#q-society-21_a
2026-045_society_21_a,2,Somewhat disagree,0.24909471626008126,24.91,123.57672979758375,129,false,https://reports.verasight.io/reports/spsp26#q-society-21_a
2026-045_society_21_a,3,Neither agree nor disagree,0.3733798096245277,37.34,185.23498426063512,183,false,https://reports.verasight.io/reports/spsp26#q-society-21_a
2026-045_society_21_a,4,Somewhat agree,0.13150273952072855,13.15,65.23895309135213,66,false,https://reports.verasight.io/reports/spsp26#q-society-21_a
2026-045_society_21_a,5,Strongly agree,0.013590069541018424,1.36,6.742079385767936,7,false,https://reports.verasight.io/reports/spsp26#q-society-21_a
2026-045_society_21_b,1,Strongly disagree,0.05312853230442503,5.31,26.771288041279067,26,false,https://reports.verasight.io/reports/spsp26#q-society-21_b
2026-045_society_21_b,2,Somewhat disagree,0.08368337676790856,8.37,42.16777099889822,41,false,https://reports.verasight.io/reports/spsp26#q-society-21_b
2026-045_society_21_b,3,Neither agree nor disagree,0.20678894266801026,20.68,104.2002499936509,96,false,https://reports.verasight.io/reports/spsp26#q-society-21_b
2026-045_society_21_b,4,Somewhat agree,0.3723354073563482,37.23,187.6185545873541,189,false,https://reports.verasight.io/reports/spsp26#q-society-21_b
2026-045_society_21_b,5,Strongly agree,0.28406374090330794,28.41,143.1387599083427,139,false,https://reports.verasight.io/reports/spsp26#q-society-21_b
2026-045_society_22,1,I completely disagree,0.01172611175375508,1.17,11.726111753755198,14,false,https://reports.verasight.io/reports/spsp26#q-society-22
2026-045_society_22,2,I disagree,0.034420463990281806,3.44,34.42046399028215,35,false,https://reports.verasight.io/reports/spsp26#q-society-22
2026-045_society_22,3,I somewhat disagree,0.05082887752417506,5.08,50.828877524175574,50,false,https://reports.verasight.io/reports/spsp26#q-society-22
2026-045_society_22,4,I neither agree nor disagree,0.19189450388184043,19.19,191.89450388184238,165,false,https://reports.verasight.io/reports/spsp26#q-society-22
2026-045_society_22,5,I somewhat agree,0.24826318804824832,24.83,248.26318804825084,249,false,https://reports.verasight.io/reports/spsp26#q-society-22
2026-045_society_22,6,I agree,0.24288047323287504,24.29,242.8804732328775,258,false,https://reports.verasight.io/reports/spsp26#q-society-22
2026-045_society_22,7,I completely agree,0.21998638156882427,22.0,219.9863815688265,229,false,https://reports.verasight.io/reports/spsp26#q-society-22
2026-045_society_23,1,I completely disagree,0.027757032821841634,2.78,27.757032821841914,23,false,https://reports.verasight.io/reports/spsp26#q-society-23
2026-045_society_23,2,I disagree,0.03179118397060974,3.18,31.791183970610064,34,false,https://reports.verasight.io/reports/spsp26#q-society-23
2026-045_society_23,3,I somewhat disagree,0.048566387041041055,4.86,48.566387041041544,48,false,https://reports.verasight.io/reports/spsp26#q-society-23
2026-045_society_23,4,Neither agree nor disagree,0.18144679465423327,18.14,181.4467946542351,151,false,https://reports.verasight.io/reports/spsp26#q-society-23
2026-045_society_23,5,I somewhat agree,0.2781900633396042,27.82,278.19006333960704,299,false,https://reports.verasight.io/reports/spsp26#q-society-23
2026-045_society_23,6,I agree,0.2258250219252642,22.58,225.8250219252665,240,false,https://reports.verasight.io/reports/spsp26#q-society-23
2026-045_society_23,7,I completely agree,0.20642351624740587,20.64,206.42351624740797,205,false,https://reports.verasight.io/reports/spsp26#q-society-23
2026-045_society_24,1,Strongly disagree,0.3035094934816863,30.35,303.5094934816894,320,false,https://reports.verasight.io/reports/spsp26#q-society-24
2026-045_society_24,2,Moderately disagree,0.2288506732880231,22.89,228.85067328802543,243,false,https://reports.verasight.io/reports/spsp26#q-society-24
2026-045_society_24,3,Slightly disagree,0.13073323057857145,13.07,130.73323057857277,129,false,https://reports.verasight.io/reports/spsp26#q-society-24
2026-045_society_24,4,Neither agree nor disagree,0.2318898013836221,23.19,231.88980138362447,201,false,https://reports.verasight.io/reports/spsp26#q-society-24
2026-045_society_24,5,Slightly agree,0.07252473396948685,7.25,72.52473396948758,75,false,https://reports.verasight.io/reports/spsp26#q-society-24
2026-045_society_24,6,Moderately agree,0.02067069145076599,2.07,20.6706914507662,19,false,https://reports.verasight.io/reports/spsp26#q-society-24
2026-045_society_24,7,Strongly agree,0.011821375847844161,1.18,11.821375847844282,13,false,https://reports.verasight.io/reports/spsp26#q-society-24
2026-045_society_25_a,1,Warm,0.5107246620770733,51.07,253.37222930318362,251,false,https://reports.verasight.io/reports/spsp26#q-society-25_a
2026-045_society_25_a,2,Cold,0.48927533792292677,48.93,242.73114716730154,258,false,https://reports.verasight.io/reports/spsp26#q-society-25_a
2026-045_society_25_b,1,Warm,0.7268418267775067,72.68,366.2531423532175,362,false,https://reports.verasight.io/reports/spsp26#q-society-25_b
2026-045_society_25_b,2,Cold,0.27315817322249336,27.32,137.64348117630752,129,false,https://reports.verasight.io/reports/spsp26#q-society-25_b
2026-045_society_26,1,Strongly disagree,0.0032674399005665614,0.33,3.2674399005665946,3,false,https://reports.verasight.io/reports/spsp26#q-society-26
2026-045_society_26,2,Disagree,0.026849350617106953,2.68,26.849350617107223,23,false,https://reports.verasight.io/reports/spsp26#q-society-26
2026-045_society_26,3,Somewhat disagree,0.06342253828558933,6.34,63.42253828558997,65,false,https://reports.verasight.io/reports/spsp26#q-society-26
2026-045_society_26,4,Neutral,0.23670446674614354,23.67,236.70446674614593,194,false,https://reports.verasight.io/reports/spsp26#q-society-26
2026-045_society_26,5,Somewhat agree,0.26995084399347397,27.0,269.9508439934767,288,false,https://reports.verasight.io/reports/spsp26#q-society-26
2026-045_society_26,6,Agree,0.27868708708334583,27.87,278.6870870833487,299,false,https://reports.verasight.io/reports/spsp26#q-society-26
2026-045_society_26,7,Strongly agree,0.1211182733737738,12.11,121.11827337377503,128,false,https://reports.verasight.io/reports/spsp26#q-society-26
2026-045_society_27,1,Strongly disagree,0.05170513640594095,5.17,51.705136405941474,43,false,https://reports.verasight.io/reports/spsp26#q-society-27
2026-045_society_27,2,Disagree,0.10522319597778912,10.52,105.22319597779018,104,false,https://reports.verasight.io/reports/spsp26#q-society-27
2026-045_society_27,3,Slightly disagree,0.10843256935728118,10.84,108.43256935728228,115,false,https://reports.verasight.io/reports/spsp26#q-society-27
2026-045_society_27,4,Neutral,0.2658504486179005,26.59,265.8504486179032,234,false,https://reports.verasight.io/reports/spsp26#q-society-27
2026-045_society_27,5,Slightly agree,0.17811456358052286,17.81,178.11456358052465,188,false,https://reports.verasight.io/reports/spsp26#q-society-27
2026-045_society_27,6,Agree,0.20061791392788064,20.06,200.61791392788268,221,false,https://reports.verasight.io/reports/spsp26#q-society-27
2026-045_society_27,7,Strongly agree,0.09005617213268471,9.01,90.05617213268563,95,false,https://reports.verasight.io/reports/spsp26#q-society-27
2026-045_society_28,1,1 - Not at all true,0.5116815392927611,51.17,511.6815392927663,539,false,https://reports.verasight.io/reports/spsp26#q-society-28
2026-045_society_28,2,2,0.16504344509938498,16.5,165.04344509938664,169,false,https://reports.verasight.io/reports/spsp26#q-society-28
2026-045_society_28,3,3,0.10053708972035223,10.05,100.53708972035325,99,false,https://reports.verasight.io/reports/spsp26#q-society-28
2026-045_society_28,4,4,0.11288325963623633,11.29,112.88325963623747,97,false,https://reports.verasight.io/reports/spsp26#q-society-28
2026-045_society_28,5,5,0.0677636688577596,6.78,67.76366885776028,56,false,https://reports.verasight.io/reports/spsp26#q-society-28
2026-045_society_28,6,6,0.019115780022617452,1.91,19.115780022617646,19,false,https://reports.verasight.io/reports/spsp26#q-society-28
2026-045_society_28,7,7 - Very true,0.022975217370888368,2.3,22.9752173708886,21,false,https://reports.verasight.io/reports/spsp26#q-society-28
2026-045_society_29_a,1,Very much,0.12349946368491146,12.35,61.268500926378636,54,false,https://reports.verasight.io/reports/spsp26#q-society-29_a
2026-045_society_29_a,2,Quite a bit,0.31537924598274447,31.54,156.4607088007552,170,false,https://reports.verasight.io/reports/spsp26#q-society-29_a
2026-045_society_29_a,3,Maybe a little,0.40920512428256167,40.92,203.00804382560335,209,false,https://reports.verasight.io/reports/spsp26#q-society-29_a
2026-045_society_29_a,4,Not at all,0.046970085793831495,4.7,23.302018155428172,23,false,https://reports.verasight.io/reports/spsp26#q-society-29_a
2026-045_society_29_a,5,I have no opinion on this,0.10494608025595091,10.49,52.06410476231976,53,false,https://reports.verasight.io/reports/spsp26#q-society-29_a
2026-045_society_29_b,1,Very much,0.023336537276285277,2.33,11.759202338391049,13,false,https://reports.verasight.io/reports/spsp26#q-society-29_b
2026-045_society_29_b,2,Quite a bit,0.09287883807798265,9.29,46.80133290484094,48,false,https://reports.verasight.io/reports/spsp26#q-society-29_b
2026-045_society_29_b,3,Maybe a little,0.3652709650043034,36.53,184.0588059390398,176,false,https://reports.verasight.io/reports/spsp26#q-society-29_b
2026-045_society_29_b,4,Not at all,0.3089254634218705,30.89,155.66649794057432,155,false,https://reports.verasight.io/reports/spsp26#q-society-29_b
2026-045_society_29_b,5,I have no opinion on this,0.20958819621955815,20.96,105.61078440667892,99,false,https://reports.verasight.io/reports/spsp26#q-society-29_b
2026-045_society_3,1,Very bad,0.15784289102757793,15.78,157.84289102757953,156,false,https://reports.verasight.io/reports/spsp26#q-society-3
2026-045_society_3,2,Bad,0.24669226839705535,24.67,246.69226839705786,228,false,https://reports.verasight.io/reports/spsp26#q-society-3
2026-045_society_3,3,Somewhat bad,0.29335967589624246,29.34,293.35967589624545,314,false,https://reports.verasight.io/reports/spsp26#q-society-3
2026-045_society_3,4,Neither,0.08623618652615615,8.62,86.23618652615703,86,false,https://reports.verasight.io/reports/spsp26#q-society-3
2026-045_society_3,5,Somewhat good,0.13679669045521775,13.68,136.79669045521914,139,false,https://reports.verasight.io/reports/spsp26#q-society-3
2026-045_society_3,6,Good,0.060043806141372336,6.0,60.04380614137294,57,false,https://reports.verasight.io/reports/spsp26#q-society-3
2026-045_society_3,7,Very good,0.019028481556378013,1.9,19.028481556378207,20,false,https://reports.verasight.io/reports/spsp26#q-society-3
2026-045_society_30,1,Extremely unhappy,0.03041135682971049,3.04,30.411356829710797,30,false,https://reports.verasight.io/reports/spsp26#q-society-30
2026-045_society_30,2,Fairly unhappy,0.049887296286935494,4.99,49.887296286936,54,false,https://reports.verasight.io/reports/spsp26#q-society-30
2026-045_society_30,3,A little unhappy,0.08656240444161999,8.66,86.56240444162086,92,false,https://reports.verasight.io/reports/spsp26#q-society-30
2026-045_society_30,4,Happy,0.22290843900589868,22.29,222.90843900590093,213,false,https://reports.verasight.io/reports/spsp26#q-society-30
2026-045_society_30,5,Very happy,0.19786554565130965,19.79,197.86554565131166,210,false,https://reports.verasight.io/reports/spsp26#q-society-30
2026-045_society_30,6,Extremely happy,0.18439068215240678,18.44,184.39068215240866,189,false,https://reports.verasight.io/reports/spsp26#q-society-30
2026-045_society_30,7,Not applicable,0.22797427563211894,22.8,227.97427563212125,212,false,https://reports.verasight.io/reports/spsp26#q-society-30
2026-045_society_31_a,1,Strongly disagree,0.38319296614028786,38.32,190.10332434193708,219,false,https://reports.verasight.io/reports/spsp26#q-society-31_a
2026-045_society_31_a,2,Disagree,0.27570240413097913,27.57,136.77689359040897,132,false,https://reports.verasight.io/reports/spsp26#q-society-31_a
2026-045_society_31_a,3,Neither agree nor disagree,0.27267040923520447,27.27,135.27271068517388,127,false,https://reports.verasight.io/reports/spsp26#q-society-31_a
2026-045_society_31_a,4,Agree,0.054107782589801846,5.41,26.843053636131625,24,false,https://reports.verasight.io/reports/spsp26#q-society-31_a
2026-045_society_31_a,5,Strongly agree,0.014326437903726681,1.43,7.107394216833545,7,false,https://reports.verasight.io/reports/spsp26#q-society-31_a
2026-045_society_31_b,1,Strongly disagree,0.5202646796114369,52.03,262.15961539787315,270,false,https://reports.verasight.io/reports/spsp26#q-society-31_b
2026-045_society_31_b,2,Disagree,0.1817679489369832,18.18,91.59225573523295,92,false,https://reports.verasight.io/reports/spsp26#q-society-31_b
2026-045_society_31_b,3,Neither agree nor disagree,0.24414099870713402,24.41,123.02182491365096,105,false,https://reports.verasight.io/reports/spsp26#q-society-31_b
2026-045_society_31_b,4,Agree,0.03015118217170824,3.02,15.193078891747394,13,false,https://reports.verasight.io/reports/spsp26#q-society-31_b
2026-045_society_31_b,5,Strongly agree,0.023675190572737672,2.37,11.929848591020555,11,false,https://reports.verasight.io/reports/spsp26#q-society-31_b
2026-045_society_32_a,1,1 - Strongly disagree,0.026556884354720065,2.66,13.174959996912824,15,false,https://reports.verasight.io/reports/spsp26#q-society-32_a
2026-045_society_32_a,3,2,0.025256520841861002,2.53,12.529845267544422,14,false,https://reports.verasight.io/reports/spsp26#q-society-32_a
2026-045_society_32_a,4,3,0.05746724431038693,5.75,28.50969393883723,24,false,https://reports.verasight.io/reports/spsp26#q-society-32_a
2026-045_society_32_a,5,4 - Neither agree nor disagree,0.39678834611249036,39.68,196.84803825054595,199,false,https://reports.verasight.io/reports/spsp26#q-society-32_a
2026-045_society_32_a,6,5,0.21866494837069883,21.87,108.48041920244799,114,false,https://reports.verasight.io/reports/spsp26#q-society-32_a
2026-045_society_32_a,7,6,0.1624005873562879,16.24,80.5674797282444,90,false,https://reports.verasight.io/reports/spsp26#q-society-32_a
2026-045_society_32_a,8,7 - Strongly agree,0.11286546865355496,11.29,55.99294008595231,53,false,https://reports.verasight.io/reports/spsp26#q-society-32_a
2026-045_society_32_b,1,1 - Strongly disagree,0.09471464231249041,9.47,47.7263884600706,45,false,https://reports.verasight.io/reports/spsp26#q-society-32_b
2026-045_society_32_b,2,2,0.033750485922450425,3.38,17.006755898803537,16,false,https://reports.verasight.io/reports/spsp26#q-society-32_b
2026-045_society_32_b,3,3,0.03573129671284573,3.57,18.00487976793458,18,false,https://reports.verasight.io/reports/spsp26#q-society-32_b
2026-045_society_32_b,4,4 - Neither agree nor disagree,0.5326567980778062,53.27,268.4039620514545,264,false,https://reports.verasight.io/reports/spsp26#q-society-32_b
2026-045_society_32_b,5,5,0.11869294912391662,11.87,59.80897630030328,58,false,https://reports.verasight.io/reports/spsp26#q-society-32_b
2026-045_society_32_b,6,6,0.07884105481923202,7.88,39.727741318917204,41,false,https://reports.verasight.io/reports/spsp26#q-society-32_b
2026-045_society_32_b,7,7 - Strongly agree,0.10561277303125856,10.56,53.21791973204127,49,false,https://reports.verasight.io/reports/spsp26#q-society-32_b
2026-045_society_33,1,Yes,0.2697590690815579,26.98,269.7590690815606,283,false,https://reports.verasight.io/reports/spsp26#q-society-33
2026-045_society_33,2,"Yes, but it might interfere with my other priorities",0.12031338757772266,12.03,120.31338757772387,123,false,https://reports.verasight.io/reports/spsp26#q-society-33
2026-045_society_33,3,"Potentially, but I'm not sure what benefits it would have",0.23315053730296015,23.32,233.1505373029625,234,false,https://reports.verasight.io/reports/spsp26#q-society-33
2026-045_society_33,4,No,0.31034604512583275,31.03,310.3460451258359,292,false,https://reports.verasight.io/reports/spsp26#q-society-33
2026-045_society_33,5,"No, because it would interfere with my other priorities",0.04454031772725606,4.45,44.54031772725651,48,false,https://reports.verasight.io/reports/spsp26#q-society-33
2026-045_society_33,6,Other,0.02189064318467059,2.19,21.89064318467081,20,false,https://reports.verasight.io/reports/spsp26#q-society-33
2026-045_society_34,1,Strongly disagree,0.05754509588955756,5.75,57.54509588955814,60,false,https://reports.verasight.io/reports/spsp26#q-society-34
2026-045_society_34,2,Disagree,0.10037803774773557,10.04,100.37803774773658,98,false,https://reports.verasight.io/reports/spsp26#q-society-34
2026-045_society_34,3,Somewhat disagree,0.07719377931411463,7.72,77.1937793141154,77,false,https://reports.verasight.io/reports/spsp26#q-society-34
2026-045_society_34,4,Nor agree or disagree,0.43493737929120746,43.49,434.93737929121187,432,false,https://reports.verasight.io/reports/spsp26#q-society-34
2026-045_society_34,5,Somewhat agree,0.1779660562210111,17.8,177.9660562210129,185,false,https://reports.verasight.io/reports/spsp26#q-society-34
2026-045_society_34,6,Agree,0.09804891707365727,9.8,98.04891707365826,102,false,https://reports.verasight.io/reports/spsp26#q-society-34
2026-045_society_34,7,Strongly agree,0.053930734462716436,5.39,53.930734462716984,46,false,https://reports.verasight.io/reports/spsp26#q-society-34
2026-045_society_35,1,Strongly disagree,0.002385179238588021,0.24,2.3851792385880453,2,false,https://reports.verasight.io/reports/spsp26#q-society-35
2026-045_society_35,2,Disagree,0.012868387617527321,1.29,12.868387617527452,13,false,https://reports.verasight.io/reports/spsp26#q-society-35
2026-045_society_35,3,Slightly disagree,0.03496560197549792,3.5,34.965601975498274,38,false,https://reports.verasight.io/reports/spsp26#q-society-35
2026-045_society_35,4,Neither agree nor disagree,0.09078142936509064,9.08,90.78142936509155,67,false,https://reports.verasight.io/reports/spsp26#q-society-35
2026-045_society_35,5,Slightly agree,0.19795706387589485,19.8,197.95706387589684,197,false,https://reports.verasight.io/reports/spsp26#q-society-35
2026-045_society_35,6,Agree,0.3679968290932077,36.8,367.99682909321143,393,false,https://reports.verasight.io/reports/spsp26#q-society-35
2026-045_society_35,7,Strongly agree,0.29304550883419356,29.3,293.04550883419654,290,false,https://reports.verasight.io/reports/spsp26#q-society-35
2026-045_society_36,1,1 - Not at all,0.00907725379118669,0.91,9.07725379118678,9,false,https://reports.verasight.io/reports/spsp26#q-society-36
2026-045_society_36,2,2,0.013759861547583617,1.38,13.759861547583757,16,false,https://reports.verasight.io/reports/spsp26#q-society-36
2026-045_society_36,3,3,0.02371875710438717,2.37,23.71875710438741,21,false,https://reports.verasight.io/reports/spsp26#q-society-36
2026-045_society_36,4,4,0.07926096171035327,7.93,79.26096171035407,66,false,https://reports.verasight.io/reports/spsp26#q-society-36
2026-045_society_36,5,5,0.08670700701281268,8.67,86.70700701281356,99,false,https://reports.verasight.io/reports/spsp26#q-society-36
2026-045_society_36,6,6,0.1906505828644695,19.07,190.65058286447143,198,false,https://reports.verasight.io/reports/spsp26#q-society-36
2026-045_society_36,7,7 - Extremely,0.3352393843941391,33.52,335.23938439414246,347,false,https://reports.verasight.io/reports/spsp26#q-society-36
2026-045_society_36,8,Not applicable/I do not have a partner,0.26158619157506807,26.16,261.5861915750707,244,false,https://reports.verasight.io/reports/spsp26#q-society-36
2026-045_society_37,1,Never,0.04027570914727263,4.03,40.27570914727304,35,false,https://reports.verasight.io/reports/spsp26#q-society-37
2026-045_society_37,2,Rarely,0.11344678835186166,11.34,113.4467883518628,109,false,https://reports.verasight.io/reports/spsp26#q-society-37
2026-045_society_37,3,Occasionally,0.1671197201800255,16.71,167.11972018002717,176,false,https://reports.verasight.io/reports/spsp26#q-society-37
2026-045_society_37,4,Sometimes,0.33195659277588485,33.2,331.9565927758882,348,false,https://reports.verasight.io/reports/spsp26#q-society-37
2026-045_society_37,5,Often,0.13776755908517982,13.78,137.7675590851812,138,false,https://reports.verasight.io/reports/spsp26#q-society-37
2026-045_society_37,6,Very often,0.07558130165018942,7.56,75.58130165019018,74,false,https://reports.verasight.io/reports/spsp26#q-society-37
2026-045_society_37,7,Always,0.02595021089897457,2.6,25.95021089897483,23,false,https://reports.verasight.io/reports/spsp26#q-society-37
2026-045_society_37,8,"Not applicable, I have never dated",0.10790211791061155,10.79,107.90211791061265,97,false,https://reports.verasight.io/reports/spsp26#q-society-37
2026-045_society_38,1,Not at all,0.25789256913048053,25.79,257.89256913048314,251,false,https://reports.verasight.io/reports/spsp26#q-society-38
2026-045_society_38,2,Only a little bit,0.1917095986577851,19.17,191.70959865778704,218,false,https://reports.verasight.io/reports/spsp26#q-society-38
2026-045_society_38,3,Somewhat,0.30640656880159084,30.64,306.40656880159395,297,false,https://reports.verasight.io/reports/spsp26#q-society-38
2026-045_society_38,4,Moderately,0.14975665840516184,14.98,149.75665840516336,144,false,https://reports.verasight.io/reports/spsp26#q-society-38
2026-045_society_38,5,A lot,0.09423460500498174,9.42,94.23460500498268,90,false,https://reports.verasight.io/reports/spsp26#q-society-38
2026-045_society_4,1,Very bad,0.12243308901310315,12.24,122.4330890131044,127,false,https://reports.verasight.io/reports/spsp26#q-society-4
2026-045_society_4,2,Bad,0.10928895259722168,10.93,109.28895259722279,111,false,https://reports.verasight.io/reports/spsp26#q-society-4
2026-045_society_4,3,Somewhat bad,0.10127993979881597,10.13,101.279939798817,108,false,https://reports.verasight.io/reports/spsp26#q-society-4
2026-045_society_4,4,Neither,0.36094835854122165,36.09,360.9483585412253,360,false,https://reports.verasight.io/reports/spsp26#q-society-4
2026-045_society_4,5,Somewhat good,0.17885442346809166,17.89,178.85442346809347,168,false,https://reports.verasight.io/reports/spsp26#q-society-4
2026-045_society_4,6,Good,0.08899602459589766,8.9,88.99602459589856,89,false,https://reports.verasight.io/reports/spsp26#q-society-4
2026-045_society_4,7,Very good,0.038199211985648275,3.82,38.19921198564866,37,false,https://reports.verasight.io/reports/spsp26#q-society-4
2026-045_society_5,1,Strongly disagree,0.22764265107720377,22.76,227.64265107720607,242,false,https://reports.verasight.io/reports/spsp26#q-society-5
2026-045_society_5,2,Disagree,0.25108074658875557,25.11,251.08074658875813,263,false,https://reports.verasight.io/reports/spsp26#q-society-5
2026-045_society_5,3,Neither agree nor disagree,0.2566505762024037,25.67,256.65057620240634,236,false,https://reports.verasight.io/reports/spsp26#q-society-5
2026-045_society_5,4,Agree,0.16785429776664126,16.79,167.85429776664296,172,false,https://reports.verasight.io/reports/spsp26#q-society-5
2026-045_society_5,5,Strongly agree,0.09677172836499573,9.68,96.7717283649967,87,false,https://reports.verasight.io/reports/spsp26#q-society-5
2026-045_society_6,1,Never,0.3261697161329585,32.62,326.16971613296175,331,false,https://reports.verasight.io/reports/spsp26#q-society-6
2026-045_society_6,2,Rarely,0.1931184761574725,19.31,193.11847615747445,204,false,https://reports.verasight.io/reports/spsp26#q-society-6
2026-045_society_6,3,Sometimes,0.16119318600578464,16.12,161.19318600578626,163,false,https://reports.verasight.io/reports/spsp26#q-society-6
2026-045_society_6,4,Often,0.04751655987376735,4.75,47.51655987376783,46,false,https://reports.verasight.io/reports/spsp26#q-society-6
2026-045_society_6,5,Very often,0.04317710296350563,4.32,43.177102963506066,43,false,https://reports.verasight.io/reports/spsp26#q-society-6
2026-045_society_6,6,N/A: I do not have a current sexual partner,0.22882495886651147,22.88,228.82495886651378,213,false,https://reports.verasight.io/reports/spsp26#q-society-6
2026-045_society_7,1,1 - My partner has much more say,0.08523032211384662,8.52,85.23032211384749,83,false,https://reports.verasight.io/reports/spsp26#q-society-7
2026-045_society_7,2,2,0.07005226925733934,7.01,70.05226925734006,74,false,https://reports.verasight.io/reports/spsp26#q-society-7
2026-045_society_7,3,3,0.3622175990633931,36.22,362.2175990633968,378,false,https://reports.verasight.io/reports/spsp26#q-society-7
2026-045_society_7,4,4,0.11454899162798697,11.45,114.54899162798813,120,false,https://reports.verasight.io/reports/spsp26#q-society-7
2026-045_society_7,5,5 - I have much more say,0.12045647607966861,12.05,120.45647607966983,115,false,https://reports.verasight.io/reports/spsp26#q-society-7
2026-045_society_7,6,NA / I do not currently have a romantic relationship partner,0.24749434185776537,24.75,247.49434185776786,230,false,https://reports.verasight.io/reports/spsp26#q-society-7
2026-045_society_8_a,1,Strongly disagree,0.17521658831770567,17.52,86.92554107805275,79,false,https://reports.verasight.io/reports/spsp26#q-society-8_a
2026-045_society_8_a,2,Somewhat disagree,0.16895277372320505,16.9,83.81804150813588,93,false,https://reports.verasight.io/reports/spsp26#q-society-8_a
2026-045_society_8_a,3,Neither agree or disagree,0.6060478870108017,60.6,300.6624030488618,311,false,https://reports.verasight.io/reports/spsp26#q-society-8_a
2026-045_society_8_a,4,Somewhat agree,0.03618347966908809,3.62,17.95074643628575,19,false,https://reports.verasight.io/reports/spsp26#q-society-8_a
2026-045_society_8_a,5,Strongly agree,0.01359927127919948,1.36,6.7466443991489555,7,false,https://reports.verasight.io/reports/spsp26#q-society-8_a
2026-045_society_8_b,1,Strongly disagree,0.1479238163219205,14.79,74.53831158421738,71,false,https://reports.verasight.io/reports/spsp26#q-society-8_b
2026-045_society_8_b,2,Somewhat disagree,0.23865495411477317,23.87,120.25742556702792,119,false,https://reports.verasight.io/reports/spsp26#q-society-8_b
2026-045_society_8_b,3,Neither agree or disagree,0.5503734850382853,55.04,277.33134079096953,270,false,https://reports.verasight.io/reports/spsp26#q-society-8_b
2026-045_society_8_b,4,Somewhat agree,0.055564743181776954,5.56,27.998886476582605,27,false,https://reports.verasight.io/reports/spsp26#q-society-8_b
2026-045_society_8_b,5,Strongly agree,0.007483001343244018,0.75,3.7706591107275607,4,false,https://reports.verasight.io/reports/spsp26#q-society-8_b
2026-045_society_9,1,Never,0.2060828861992379,20.61,206.08288619924,223,false,https://reports.verasight.io/reports/spsp26#q-society-9
2026-045_society_9,2,Rarely,0.27948455493417745,27.95,279.48455493418027,302,false,https://reports.verasight.io/reports/spsp26#q-society-9
2026-045_society_9,3,Sometimes,0.29502314206218716,29.5,295.0231420621901,281,false,https://reports.verasight.io/reports/spsp26#q-society-9
2026-045_society_9,4,Often,0.09436459781474263,9.44,94.36459781474359,94,false,https://reports.verasight.io/reports/spsp26#q-society-9
2026-045_society_9,5,Almost always,0.07077330220081379,7.08,70.77330220081451,57,false,https://reports.verasight.io/reports/spsp26#q-society-9
2026-045_society_9,6,Not sure,0.05427151678884113,5.43,54.27151678884168,43,false,https://reports.verasight.io/reports/spsp26#q-society-9
